Channel ID,Channel URL,Channel title
UCTCvWvqjktIq0uvM3trAHCg,http://www.youtube.com/channel/UCTCvWvqjktIq0uvM3trAHCg,0612 TV w/ NERDfirst
UCkFmrzcvKEezKfsR-ISTHgA,http://www.youtube.com/channel/UCkFmrzcvKEezKfsR-ISTHgA,3 minute maths
UCEBpSZhI1X8WaP-kY_2LLcg,http://www.youtube.com/channel/UCEBpSZhI1X8WaP-kY_2LLcg,365 Data Science
UCYO_jab_esuFRV4b17AJtAw,http://www.youtube.com/channel/UCYO_jab_esuFRV4b17AJtAw,3Blue1Brown
UCsFOY-wGT9IOC4Okrq6UBfA,http://www.youtube.com/channel/UCsFOY-wGT9IOC4Okrq6UBfA,500 Global
UC0kXc1f_WBYSklrElcPWzgg,http://www.youtube.com/channel/UC0kXc1f_WBYSklrElcPWzgg,7sharp9
UCXq3BkToohSqebBAU5uTS9Q,http://www.youtube.com/channel/UCXq3BkToohSqebBAU5uTS9Q,901 Math
UC-pLL_SFEm6B9Eeyr-V424Q,http://www.youtube.com/channel/UC-pLL_SFEm6B9Eeyr-V424Q,A Plus Coding
UC9cn0TuPq4dnbTY-CBsm8XA,http://www.youtube.com/channel/UC9cn0TuPq4dnbTY-CBsm8XA,a16z
UCXym52jGe7cb5deJRWM3paw,http://www.youtube.com/channel/UCXym52jGe7cb5deJRWM3paw,Aaron in Beta
UCRLEADhMcb8WUdnQ5_Alk7g,http://www.youtube.com/channel/UCRLEADhMcb8WUdnQ5_Alk7g,Aaron Jack
UCZCFT11CWBi3MHNlGf019nw,http://www.youtube.com/channel/UCZCFT11CWBi3MHNlGf019nw,Abdul Bari
UCsDTy8jvHcwMvSZf_JGi-FA,http://www.youtube.com/channel/UCsDTy8jvHcwMvSZf_JGi-FA,Abhi and Niyu
UCBPRJjIWfyNG4X-CRbnv78A,http://www.youtube.com/channel/UCBPRJjIWfyNG4X-CRbnv78A,Abhishek Thakur
UCAjsH3UCJrd-xAfUBsB-dOg,http://www.youtube.com/channel/UCAjsH3UCJrd-xAfUBsB-dOg,abrar
UCSJbGtTlrDami-tDGPUV9-w,http://www.youtube.com/channel/UCSJbGtTlrDami-tDGPUV9-w,Academind
UCTev4RNBiu6lqtx8z1e87fQ,http://www.youtube.com/channel/UCTev4RNBiu6lqtx8z1e87fQ,acapellascience
UCksTNgiRyQGwi2ODBie8HdA,http://www.youtube.com/channel/UCksTNgiRyQGwi2ODBie8HdA,Adam Bien
UCpzRDg0orQBZFBPzeXm1yNg,http://www.youtube.com/channel/UCpzRDg0orQBZFBPzeXm1yNg,Adam Khoury
UCy1H38XrN7hi7wHSClfXPqQ,http://www.youtube.com/channel/UCy1H38XrN7hi7wHSClfXPqQ,Adam Wathan
UC0hkSohaNzDlMrICE0FWWWw,http://www.youtube.com/channel/UC0hkSohaNzDlMrICE0FWWWw,Ado Kukic
UCvM5YYWwfLwpcQgbRr68JLQ,http://www.youtube.com/channel/UCvM5YYWwfLwpcQgbRr68JLQ,Adrian Twarog
UC9EyfvEnzG7UwTn6VIqw16w,http://www.youtube.com/channel/UC9EyfvEnzG7UwTn6VIqw16w,Agency Trailblazer
UCP9YJJ24w6g38VMVMm6Thtg,http://www.youtube.com/channel/UCP9YJJ24w6g38VMVMm6Thtg,Ahlad Kumar
UCeB_OpLspKJGiKv1CYkWFFw,http://www.youtube.com/channel/UCeB_OpLspKJGiKv1CYkWFFw,AJ&Smart
UCkzW5JSFwvKRjXABI-UTAkQ,http://www.youtube.com/channel/UCkzW5JSFwvKRjXABI-UTAkQ,Aladdin Persson
UCumJa0eRO9_xtEsoAt3UCkQ,http://www.youtube.com/channel/UCumJa0eRO9_xtEsoAt3UCkQ,alemayhu gang
UCbmBY_XYZqCa2G0XmFA7ZWg,http://www.youtube.com/channel/UCbmBY_XYZqCa2G0XmFA7ZWg,Alessandro Castellani
UC2jJoQlzvLPvnYfowAEVaOg,http://www.youtube.com/channel/UC2jJoQlzvLPvnYfowAEVaOg,Alex Carpenter
UC_fFL5jgoCOrwAVoM_fBYwA,http://www.youtube.com/channel/UC_fFL5jgoCOrwAVoM_fBYwA,Alex Lee
UCtslD4DGH6PKyG_1gFAX7sg,http://www.youtube.com/channel/UCtslD4DGH6PKyG_1gFAX7sg,Alexander Amini
UCBLr7ISa_YDy5qeATupf26w,http://www.youtube.com/channel/UCBLr7ISa_YDy5qeATupf26w,Algorithms Live!
UCBkOVp1Cqz4MR0LYR8vKpZg,http://www.youtube.com/channel/UCBkOVp1Cqz4MR0LYR8vKpZg,ALL ABOUT ELECTRONICS
UCRQhZGXC0WK85YRXl7nGX0w,http://www.youtube.com/channel/UCRQhZGXC0WK85YRXl7nGX0w,All Things JavaScript LLC
UCEqgmyWChwvt6MFGGlmUQCQ,http://www.youtube.com/channel/UCEqgmyWChwvt6MFGGlmUQCQ,Allen Institute for AI
UC2KfmYEM4KCuA1ZurravgYw,http://www.youtube.com/channel/UC2KfmYEM4KCuA1ZurravgYw,Amigoscode
UCOZbokHO727qeStxeYSKMUQ,http://www.youtube.com/channel/UCOZbokHO727qeStxeYSKMUQ,Amine M. Boulouma
UCIgXF0FrYJL0a6sMsRIsLvA,http://www.youtube.com/channel/UCIgXF0FrYJL0a6sMsRIsLvA,Amulya's Academy
UCUxkTxO8NivVeGKJk1QnzWQ,http://www.youtube.com/channel/UCUxkTxO8NivVeGKJk1QnzWQ,Ana Tudor
UCtb40EQj2inp8zuaQlLx3iQ,http://www.youtube.com/channel/UCtb40EQj2inp8zuaQlLx3iQ,Andre Madarang
UC3ts8coMP645hZw9JSD3pqQ,http://www.youtube.com/channel/UC3ts8coMP645hZw9JSD3pqQ,Andreas Kling
UCY8mzqqGwl5_bTpBY9qLMAA,http://www.youtube.com/channel/UCY8mzqqGwl5_bTpBY9qLMAA,Andreas Kretz
UCMEXgDffQy6nS2a74Gby8ZA,http://www.youtube.com/channel/UCMEXgDffQy6nS2a74Gby8ZA,Andreas Mueller
UCUICU6mgcyGy61pojwuWyHA,http://www.youtube.com/channel/UCUICU6mgcyGy61pojwuWyHA,Andrew Kelley
UCep6Rpvw3PtOMJWAFpKl8Yw,http://www.youtube.com/channel/UCep6Rpvw3PtOMJWAFpKl8Yw,Andrew Ng
UCTqkQCOfg2k27s4GJZWrkjg,http://www.youtube.com/channel/UCTqkQCOfg2k27s4GJZWrkjg,Andrew Ruffolo
UCVHFbqXqoYvEWM1Ddxl0QDg,http://www.youtube.com/channel/UCVHFbqXqoYvEWM1Ddxl0QDg,Android Developers
UCzE_pOG_CRxqzQzCXj3fhog,http://www.youtube.com/channel/UCzE_pOG_CRxqzQzCXj3fhog,AndroidHive
UCZ9qFEC82qM6Pk-54Q4TVWA,http://www.youtube.com/channel/UCZ9qFEC82qM6Pk-54Q4TVWA,Andy Sterkowitz
UCJ3AxeCHGPZkMi3kRfCuiHw,http://www.youtube.com/channel/UCJ3AxeCHGPZkMi3kRfCuiHw,AngelSix
UCG1aEPR4NO2Sd_mmJFimfQQ,http://www.youtube.com/channel/UCG1aEPR4NO2Sd_mmJFimfQQ,Angga Risky
UCdCOpvRk1lsBk26ePGDPLpQ,http://www.youtube.com/channel/UCdCOpvRk1lsBk26ePGDPLpQ,AngularAir
UCoYzQqZNCRqqAomJwJ6yEdg,http://www.youtube.com/channel/UCoYzQqZNCRqqAomJwJ6yEdg,Anthony Sistilli
UC46xhU1EH7aywEgvA9syS3w,http://www.youtube.com/channel/UC46xhU1EH7aywEgvA9syS3w,anthonywritescode
UC58_wzhvJta3hDSPvRLDAqg,http://www.youtube.com/channel/UC58_wzhvJta3hDSPvRLDAqg,Anuj Bhaiya
UCJINtWke3-FMz2WuEltWDVQ,http://www.youtube.com/channel/UCJINtWke3-FMz2WuEltWDVQ,Applied AI Course
UCOL9ZxzRX9lIvOliY_oz0Ng,http://www.youtube.com/channel/UCOL9ZxzRX9lIvOliY_oz0Ng,Arjun Yonjan / Code Travel
UCewxBLhWDSZUvtOnlXdI_sA,http://www.youtube.com/channel/UCewxBLhWDSZUvtOnlXdI_sA,ArmaganVideos
UCjrGJITO_pggWmjgPvUiHFA,http://www.youtube.com/channel/UCjrGJITO_pggWmjgPvUiHFA,Arpan Gupta Data Scientist IITian
UCotwjyJnb-4KW7bmsOoLfkg,http://www.youtube.com/channel/UCotwjyJnb-4KW7bmsOoLfkg,Art of the Problem
UCHBWJGoZMkhJyElgvuN1U1w,http://www.youtube.com/channel/UCHBWJGoZMkhJyElgvuN1U1w,Art of Visualization
UCVJ5hHQMXBiRwNv394EOj_w,http://www.youtube.com/channel/UCVJ5hHQMXBiRwNv394EOj_w,Art with Flo
UC5zx8Owijmv-bbhAK6Z9apg,http://www.youtube.com/channel/UC5zx8Owijmv-bbhAK6Z9apg,Artificial Intelligence - All in One
UCNIkB2IeJ-6AmZv7bQ1oBYg,http://www.youtube.com/channel/UCNIkB2IeJ-6AmZv7bQ1oBYg,Arxiv Insights
UCC552Sd-3nyi_tk2BudLUzA,http://www.youtube.com/channel/UCC552Sd-3nyi_tk2BudLUzA,AsapSCIENCE
UCJGZli0VhF5AwTU6YTi8OFA,http://www.youtube.com/channel/UCJGZli0VhF5AwTU6YTi8OFA,Ashley Hodgson
UC3VAed5huwZHOaE3q-Ap8qg,http://www.youtube.com/channel/UC3VAed5huwZHOaE3q-Ap8qg,Ashutosh Tiwari
UCPyA0XmU6aS4JCwVoIBTmIQ,http://www.youtube.com/channel/UCPyA0XmU6aS4JCwVoIBTmIQ,Association for Computing Machinery (ACM)
UCCvGd1WBMpFQ_vtC89VF2qA,http://www.youtube.com/channel/UCCvGd1WBMpFQ_vtC89VF2qA,Aurélien Géron
UCvP5cfpfIgkb0Dt8o7Qt21A,http://www.youtube.com/channel/UCvP5cfpfIgkb0Dt8o7Qt21A,Automattic
UC7akIvmrGMa5sEVR0IeH3YA,http://www.youtube.com/channel/UC7akIvmrGMa5sEVR0IeH3YA,Avnish Parker
UCIKbbV7ae7LAWa8cGnvjSPA,http://www.youtube.com/channel/UCIKbbV7ae7LAWa8cGnvjSPA,Awais Mirza
UC5c-DuzPdH9iaWYdI0v0uzw,http://www.youtube.com/channel/UC5c-DuzPdH9iaWYdI0v0uzw,Awesome Tuts
UCYWGYef22gx8PaXZMLHAQsw,http://www.youtube.com/channel/UCYWGYef22gx8PaXZMLHAQsw,awwwards.
UCmJz2DV1a3yfgrR7GqRtUUA,http://www.youtube.com/channel/UCmJz2DV1a3yfgrR7GqRtUUA,Back To Back SWE
UCnpekFV93kB1O0rVqEKSumg,http://www.youtube.com/channel/UCnpekFV93kB1O0rVqEKSumg,Backstage With Millionaires
UCjpxbl1_Uvr0VlgMz7GUCjw,http://www.youtube.com/channel/UCjpxbl1_Uvr0VlgMz7GUCjw,Basics Explained H3Vtux
UCnf609gsCjoJd_GvQ31SFVA,http://www.youtube.com/channel/UCnf609gsCjoJd_GvQ31SFVA,Bay Learn
UCArQaSc_Vw84evNBPkuQAUA,http://www.youtube.com/channel/UCArQaSc_Vw84evNBPkuQAUA,Bayan Bennett
UCFlzHaNC_YJTIRoXbx6zfrA,http://www.youtube.com/channel/UCFlzHaNC_YJTIRoXbx6zfrA,BBarters
UC-8QAzbLcRglXeN_MY9blyw,http://www.youtube.com/channel/UC-8QAzbLcRglXeN_MY9blyw,Ben Awad
UCS0N5baNlQWJCUrhCEo8WlA,http://www.youtube.com/channel/UCS0N5baNlQWJCUrhCEo8WlA,Ben Eater
UCuGDdLeQiloQ45CtvDCoejQ,http://www.youtube.com/channel/UCuGDdLeQiloQ45CtvDCoejQ,Ben Parker
UCQUNME_uamXEW1c58iEADWw,http://www.youtube.com/channel/UCQUNME_uamXEW1c58iEADWw,Benjamin Spak
UCTD_PLq3KAUwkIIs9fk3pAA,http://www.youtube.com/channel/UCTD_PLq3KAUwkIIs9fk3pAA,Better Coding Academy
UCxo8ooAqXiObjuaIy10ud0A,http://www.youtube.com/channel/UCxo8ooAqXiObjuaIy10ud0A,Beyond Science
UCBmdoqkBaIUh128ffq8XATw,http://www.youtube.com/channel/UCBmdoqkBaIUh128ffq8XATw,Bhagwan Singh Vishwakarma
UCB4TQJyhwYxZZ6m4rI9-LyQ,http://www.youtube.com/channel/UCB4TQJyhwYxZZ6m4rI9-LyQ,Big Data & Brews
UCCGoM_sk2UGIiaTdtG3tHBw,http://www.youtube.com/channel/UCCGoM_sk2UGIiaTdtG3tHBw,Bigdata Spark Online Training
UCOoKt2u-bE1NuELXSFaEdUw,http://www.youtube.com/channel/UCOoKt2u-bE1NuELXSFaEdUw,BinaryBunny
UCKTehwyGCKF-b2wo0RKwrcg,http://www.youtube.com/channel/UCKTehwyGCKF-b2wo0RKwrcg,Bisqwit
UC_hG9fglfmShkwex1KVydHA,http://www.youtube.com/channel/UC_hG9fglfmShkwex1KVydHA,Bitfumes
UCJLLl6AraX1POemgLfhirwg,http://www.youtube.com/channel/UCJLLl6AraX1POemgLfhirwg,Bits inside by René Rebe
UCguWV1bZg1QiWbY32vGnOLw,http://www.youtube.com/channel/UCguWV1bZg1QiWbY32vGnOLw,Bitwise
UCJ6q9Ie29ajGqKApbLqfBOg,http://www.youtube.com/channel/UCJ6q9Ie29ajGqKApbLqfBOg,Black Hat
UCOwFX-YFktXxEIX7-IPjlKQ,http://www.youtube.com/channel/UCOwFX-YFktXxEIX7-IPjlKQ,Black Mixture
UC9Z1XWw1kmnvOOFsj6Bzy2g,http://www.youtube.com/channel/UC9Z1XWw1kmnvOOFsj6Bzy2g,Blackthornprod
UCOKHwx1VCdgnxwbjyb9Iu1g,http://www.youtube.com/channel/UCOKHwx1VCdgnxwbjyb9Iu1g,Blender Guru
UCIfQb9u7ALnOE4ZmexRecDg,http://www.youtube.com/channel/UCIfQb9u7ALnOE4ZmexRecDg,BlinkOn
UC4DwZ2VXM2KWtzHjVk9M_xg,http://www.youtube.com/channel/UC4DwZ2VXM2KWtzHjVk9M_xg,blondiebytes
UCQUPI1PxfE4-bqwuI26I2HA,http://www.youtube.com/channel/UCQUPI1PxfE4-bqwuI26I2HA,BocoupLLC
UCWqqnonyL7aVeUYl5Yp8TrQ,http://www.youtube.com/channel/UCWqqnonyL7aVeUYl5Yp8TrQ,Bohdan Pryshchenko
UCSYIIy89n_Do4Rbyyqa7FeQ,http://www.youtube.com/channel/UCSYIIy89n_Do4Rbyyqa7FeQ,Bootstrap Studio
UCKKvP9Mcbz8fdahSd_BuYkQ,http://www.youtube.com/channel/UCKKvP9Mcbz8fdahSd_BuYkQ,Botyard
UCILl8ozWuxnFYXIe2svjHhg,http://www.youtube.com/channel/UCILl8ozWuxnFYXIe2svjHhg,BPS.space
UCkxEKOWU2cUAZGPM24mv8AA,http://www.youtube.com/channel/UCkxEKOWU2cUAZGPM24mv8AA,Brace Yourself Games
UCYbK_tjZ2OrIZFBvU6CCMiA,http://www.youtube.com/channel/UCYbK_tjZ2OrIZFBvU6CCMiA,Brackeys
UCVguiojKA6iobcySMJ5boNA,http://www.youtube.com/channel/UCVguiojKA6iobcySMJ5boNA,Brad Hussey
UCO9JvZ75Usyzgd1puurLF6A,http://www.youtube.com/channel/UCO9JvZ75Usyzgd1puurLF6A,Brent Aureli Codes
UCysEngjfeIYapEER9K8aikw,http://www.youtube.com/channel/UCysEngjfeIYapEER9K8aikw,Brian Advent
UCsKsymTY_4BYR-wytLjex7A,http://www.youtube.com/channel/UCsKsymTY_4BYR-wytLjex7A,Brian Design
UCq0imsn84ShAe9PBOFnoIrg,http://www.youtube.com/channel/UCq0imsn84ShAe9PBOFnoIrg,Brian Douglas
UCQv3dpUXUWvDFQarHrS5P9A,http://www.youtube.com/channel/UCQv3dpUXUWvDFQarHrS5P9A,Brian McLogan
UCseUQK4kC3x2x543nHtGpzw,http://www.youtube.com/channel/UCseUQK4kC3x2x543nHtGpzw,Brian Will
UCPOICck6I3zqGveOs6aFT5A,http://www.youtube.com/channel/UCPOICck6I3zqGveOs6aFT5A,BristolJS
UC4SVo0Ue36XCfOyb5Lh1viQ,http://www.youtube.com/channel/UC4SVo0Ue36XCfOyb5Lh1viQ,Bro Code
UCo1NHk_bgbAbDBc4JinrXww,http://www.youtube.com/channel/UCo1NHk_bgbAbDBc4JinrXww,Bugcrowd
UCgsPgU0tPJj4wdqO86u87Kw,http://www.youtube.com/channel/UCgsPgU0tPJj4wdqO86u87Kw,Buildbox
UCWSYAntBbdd2SLYUqPIxo0w,http://www.youtube.com/channel/UCWSYAntBbdd2SLYUqPIxo0w,Byte by Byte
UCD-scAE4ju78dld1kpcsQfQ,http://www.youtube.com/channel/UCD-scAE4ju78dld1kpcsQfQ,C++ by Saurabh Shukla Sir
UCZUyPT9DkJWmS_DzdOi7RIA,http://www.youtube.com/channel/UCZUyPT9DkJWmS_DzdOi7RIA,Caleb Curry
UCzAF54cHk1ZO82af-8E3qOQ,http://www.youtube.com/channel/UCzAF54cHk1ZO82af-8E3qOQ,CareerFoundry
UCYTZbf7SsT3wumzSkzmv-Bg,http://www.youtube.com/channel/UCYTZbf7SsT3wumzSkzmv-Bg,Casey Gauss
UCM2UeCsmt65PJ1MHP5pXs0g,http://www.youtube.com/channel/UCM2UeCsmt65PJ1MHP5pXs0g,CaspioInc
UCnAdXkr17iQS8YcYl0LhPdw,http://www.youtube.com/channel/UCnAdXkr17iQS8YcYl0LhPdw,Cave of Programming
UCYHiZDU0YLN0dWLWSCP1JYQ,http://www.youtube.com/channel/UCYHiZDU0YLN0dWLWSCP1JYQ,CernerEng
UCsvgY1GWmJwvk3o6UeXVxAg,http://www.youtube.com/channel/UCsvgY1GWmJwvk3o6UeXVxAg,CG Fast Track
UCmLNckliLBW_42UWGD9ITxQ,http://www.youtube.com/channel/UCmLNckliLBW_42UWGD9ITxQ,Chill and Hack with Joel
UC9Yp2yz6-pwhQuPlIDV_mjA,http://www.youtube.com/channel/UC9Yp2yz6-pwhQuPlIDV_mjA,Chris Courses
UCADyUOnhyEoQqrw_RrsGleA,http://www.youtube.com/channel/UCADyUOnhyEoQqrw_RrsGleA,Chris Coyier
UCox8Tk7oaup75Rnp4iVeQUA,http://www.youtube.com/channel/UCox8Tk7oaup75Rnp4iVeQUA,Chris Flewitt
UCfV36TX5AejfAGIbtwTc7Zw,http://www.youtube.com/channel/UCfV36TX5AejfAGIbtwTc7Zw,Chris Hawkes
UCPrRsdgsxOmzr9ykAf7tlDw,http://www.youtube.com/channel/UCPrRsdgsxOmzr9ykAf7tlDw,Chris Jereza
UCu1xbgCV5o48h_BYCQD7KJg,http://www.youtube.com/channel/UCu1xbgCV5o48h_BYCQD7KJg,Chris Sean
UCbF-4yQQAWw-UnuCd2Azfzg,http://www.youtube.com/channel/UCbF-4yQQAWw-UnuCd2Azfzg,Christopher Okhravi
UC2-slOJImuSc20Drbf88qvg,http://www.youtube.com/channel/UC2-slOJImuSc20Drbf88qvg,Classsed
UCTbHPk0bIOQwTXuGgD195bw,http://www.youtube.com/channel/UCTbHPk0bIOQwTXuGgD195bw,Claudio Bernasconi
UCznj32AM2r98hZfTxrRo9bQ,http://www.youtube.com/channel/UCznj32AM2r98hZfTxrRo9bQ,Clear Code
UCqrILQNl5Ed9Dz6CGMyvMTQ,http://www.youtube.com/channel/UCqrILQNl5Ed9Dz6CGMyvMTQ,Clever Programmer
UCaLlzGqiPE2QRj6sSOawJRg,http://www.youtube.com/channel/UCaLlzGqiPE2QRj6sSOawJRg,ClojureTV
UCaO6VoaYJv4kS-TQO_M-N_g,http://www.youtube.com/channel/UCaO6VoaYJv4kS-TQO_M-N_g,Clément Mihailescu
UCHnBsf2rH-K7pn09rb3qvkA,http://www.youtube.com/channel/UCHnBsf2rH-K7pn09rb3qvkA,CMU Database Group
UCvqbFHwN-nwalWPjPUKpvTA,http://www.youtube.com/channel/UCvqbFHwN-nwalWPjPUKpvTA,CNCF [Cloud Native Computing Foundation]
UCG7yIWtVwcENg_ZS-nahg5g,http://www.youtube.com/channel/UCG7yIWtVwcENg_ZS-nahg5g,CNLohr
UCTL_mXO3qsgFc_3s2T5wlWg,http://www.youtube.com/channel/UCTL_mXO3qsgFc_3s2T5wlWg,Coaching No Code Apps
UC0e3QhIYukixgh5VVpKHH9Q,http://www.youtube.com/channel/UC0e3QhIYukixgh5VVpKHH9Q,Code Bullet
UCguGla6efsie6Q9tJ9XTH6w,http://www.youtube.com/channel/UCguGla6efsie6Q9tJ9XTH6w,Code Fights
UCfznQ0w5WrO2unkohgNG1cQ,http://www.youtube.com/channel/UCfznQ0w5WrO2unkohgNG1cQ,Code Insights
UCtjddf97i066cJVcloZ4B7g,http://www.youtube.com/channel/UCtjddf97i066cJVcloZ4B7g,Code Mortals
UC0zvY3yIBQTrSutsV-4yscQ,http://www.youtube.com/channel/UC0zvY3yIBQTrSutsV-4yscQ,Code NCode
UCrTnsT4OYZ53l0QGKqLeD5Q,http://www.youtube.com/channel/UCrTnsT4OYZ53l0QGKqLeD5Q,Code With Andrea
UC5DNytAJ6_FISueUfzZCVsw,http://www.youtube.com/channel/UC5DNytAJ6_FISueUfzZCVsw,Code with Ania Kubów
UCJyEBMU1xVP2be1-AoGS1BA,http://www.youtube.com/channel/UCJyEBMU1xVP2be1-AoGS1BA,Code.org
UC1kBxkk2bcG78YBX7LMl9pQ,http://www.youtube.com/channel/UC1kBxkk2bcG78YBX7LMl9pQ,code_report
UCxhcaC1wjUuFq3fC95i48fA,http://www.youtube.com/channel/UCxhcaC1wjUuFq3fC95i48fA,codeblobsTV
UCx6ZOolPeiAHOuCbSQXC83w,http://www.youtube.com/channel/UCx6ZOolPeiAHOuCbSQXC83w,CodeCommand
UCpOIUW62tnJTtpWFABxWZ8g,http://www.youtube.com/channel/UCpOIUW62tnJTtpWFABxWZ8g,Codecourse
UCJUmE61LxhbhudzUugHL2wQ,http://www.youtube.com/channel/UCJUmE61LxhbhudzUugHL2wQ,codedamn
UCwoOpKfkyCQHW562hXXQAGg,http://www.youtube.com/channel/UCwoOpKfkyCQHW562hXXQAGg,Codegram
UCUmQhjjF9bsIaVDJUHSIIKw,http://www.youtube.com/channel/UCUmQhjjF9bsIaVDJUHSIIKw,CodeLit
UC08G-UJT58SbkdmcOYyOQVw,http://www.youtube.com/channel/UC08G-UJT58SbkdmcOYyOQVw,CodeLyon
UCXNeUcG4KpZaYUgYJvgN9tg,http://www.youtube.com/channel/UCXNeUcG4KpZaYUgYJvgN9tg,Codemy School
UCrv269YwJzuZL3dH5PCgxUw,http://www.youtube.com/channel/UCrv269YwJzuZL3dH5PCgxUw,CodeParade
UCJHJVh8WIoWze_hjNACsG5A,http://www.youtube.com/channel/UCJHJVh8WIoWze_hjNACsG5A,Codepunk
UCFTM1FGjZSkoSPDZgtbp7hA,http://www.youtube.com/channel/UCFTM1FGjZSkoSPDZgtbp7hA,Codepur
UCWaB4SBBUCvhYb91fz5Vidg,http://www.youtube.com/channel/UCWaB4SBBUCvhYb91fz5Vidg,Coder Archive
UCQI-Ym2rLZx52vEoqlPQMdg,http://www.youtube.com/channel/UCQI-Ym2rLZx52vEoqlPQMdg,Coder's Tape
UCIDlA0FJcpqJHELzdelFAWg,http://www.youtube.com/channel/UCIDlA0FJcpqJHELzdelFAWg,Coders Hub
UC9cRN7SY-wtngLuAXmx_8VQ,http://www.youtube.com/channel/UC9cRN7SY-wtngLuAXmx_8VQ,Coders Life
UCDCHcqyeQgJ-jVSd6VJkbCw,http://www.youtube.com/channel/UCDCHcqyeQgJ-jVSd6VJkbCw,codeSTACKr
UC80PWRj_ZU8Zu0HSMNVwKWw,http://www.youtube.com/channel/UC80PWRj_ZU8Zu0HSMNVwKWw,Codevolution
UC2D6eRvCeMtcF5OGHf1-trw,http://www.youtube.com/channel/UC2D6eRvCeMtcF5OGHf1-trw,CodeWithChris
UCeVMnSShP_Iviwkknt83cww,http://www.youtube.com/channel/UCeVMnSShP_Iviwkknt83cww,CodeWithHarry
UCfYTu_qAO5T7a-8rC_74Ypw,http://www.youtube.com/channel/UCfYTu_qAO5T7a-8rC_74Ypw,CodeWorkr
UCMZFwxv5l-XtKi693qMJptA,http://www.youtube.com/channel/UCMZFwxv5l-XtKi693qMJptA,Coding Addict
UC15exV5s79D_aYGADudlwpQ,http://www.youtube.com/channel/UC15exV5s79D_aYGADudlwpQ,Coding Artist
UCIHBIPape0dWHKANkivrcJw,http://www.youtube.com/channel/UCIHBIPape0dWHKANkivrcJw,Coding Cafe
UC-gCUMK_EGUqJ7P9VA7BJmQ,http://www.youtube.com/channel/UC-gCUMK_EGUqJ7P9VA7BJmQ,Coding Commanders
UC9Psp9-p9jgHfDBReAAcZ3w,http://www.youtube.com/channel/UC9Psp9-p9jgHfDBReAAcZ3w,Coding From Null
UCLNgu_OupwoeESgtab33CCw,http://www.youtube.com/channel/UCLNgu_OupwoeESgtab33CCw,Coding Garden
UCF6F8LdCSWlRwQm_hfA2bcQ,http://www.youtube.com/channel/UCF6F8LdCSWlRwQm_hfA2bcQ,Coding Math
UCnC0QFWfAHL1XwjJoDk60GA,http://www.youtube.com/channel/UCnC0QFWfAHL1XwjJoDk60GA,Coding Simplified
UCtxCXg-UvSnTKPOzLH4wJaQ,http://www.youtube.com/channel/UCtxCXg-UvSnTKPOzLH4wJaQ,Coding Tech
UCP2ZC3P_goEECplHlebT6aQ,http://www.youtube.com/channel/UCP2ZC3P_goEECplHlebT6aQ,Coding with Efehan
UCro4e-xxAYrgwt5cOccnE0A,http://www.youtube.com/channel/UCro4e-xxAYrgwt5cOccnE0A,Coding with Justin
UCWEHue8kksIaktO8KTTN_zg,http://www.youtube.com/channel/UCWEHue8kksIaktO8KTTN_zg,CodingEntrepreneurs
UC46wWUso9H5KPQcoL9iE3Ug,http://www.youtube.com/channel/UC46wWUso9H5KPQcoL9iE3Ug,CodingPhase
UCOxnPI51rn9SjX5cyAoneug,http://www.youtube.com/channel/UCOxnPI51rn9SjX5cyAoneug,CodingSrc
UCLXQoK41TOcIsWtY-BgB_kQ,http://www.youtube.com/channel/UCLXQoK41TOcIsWtY-BgB_kQ,CodingTheSmartWay.com
UCoNZZLhPuuRteu02rh7bzsw,http://www.youtube.com/channel/UCoNZZLhPuuRteu02rh7bzsw,CodingWithMitch
UCsi5-meDM5Q5NE93n_Ya7GA,http://www.youtube.com/channel/UCsi5-meDM5Q5NE93n_Ya7GA,CoffeeBeforeArch
UCoSiBUY5b9ixwuKfS99_rSw,http://www.youtube.com/channel/UCoSiBUY5b9ixwuKfS99_rSw,Cognitive Class
UCZHbZVjG2wXaLCuHK3LZ5lw,http://www.youtube.com/channel/UCZHbZVjG2wXaLCuHK3LZ5lw,ColdFront
UCKl7MXLRrk6hnWuObFwKxdg,http://www.youtube.com/channel/UCKl7MXLRrk6hnWuObFwKxdg,Cole's World of Mathematics
UCrqAGUPPMOdo0jfQ6grikZw,http://www.youtube.com/channel/UCrqAGUPPMOdo0jfQ6grikZw,Colt Steele
UC0pEknZxL7Q1j0Ok8qImWdQ,http://www.youtube.com/channel/UC0pEknZxL7Q1j0Ok8qImWdQ,Compose Conference
UCHDr4RtxwA1KqKGwxgdK4Vg,http://www.youtube.com/channel/UCHDr4RtxwA1KqKGwxgdK4Vg,Computer History Museum
UCSX3MR0gnKDxyXAyljWzm0Q,http://www.youtube.com/channel/UCSX3MR0gnKDxyXAyljWzm0Q,Computer Science
UC9-y-6csu5WGm29I7JiwpnA,http://www.youtube.com/channel/UC9-y-6csu5WGm29I7JiwpnA,Computerphile
UCWnPjmqvljcafA0z2U1fwKQ,http://www.youtube.com/channel/UCWnPjmqvljcafA0z2U1fwKQ,Confreaks
UCS4FAVeYW_IaZqAbqhlvxlA,http://www.youtube.com/channel/UCS4FAVeYW_IaZqAbqhlvxlA,Context Free
UCCezIgC97PvUuR4_gbFUs5g,http://www.youtube.com/channel/UCCezIgC97PvUuR4_gbFUs5g,Corey Schafer
UCMlGfpWw-RUdWX_JbLCukXg,http://www.youtube.com/channel/UCMlGfpWw-RUdWX_JbLCukXg,CppCon
UCX6b17PVsYBQ0ip5gyeme-Q,http://www.youtube.com/channel/UCX6b17PVsYBQ0ip5gyeme-Q,CrashCourse
UCXXXoi68Hv6caNLWfw7j8MQ,http://www.youtube.com/channel/UCXXXoi68Hv6caNLWfw7j8MQ,Cristi Vlad
UCxX9wt5FWQUAAz4UrysqK9A,http://www.youtube.com/channel/UCxX9wt5FWQUAAz4UrysqK9A,CS Dojo
UCcabW7890RKJzL968QWEykA,http://www.youtube.com/channel/UCcabW7890RKJzL968QWEykA,CS50
UC4QVZ552Q-dXIdMSc2cewcA,http://www.youtube.com/channel/UC4QVZ552Q-dXIdMSc2cewcA,CSS Animation
UCWI2akcIFeaOs_sokIN8ptw,http://www.youtube.com/channel/UCWI2akcIFeaOs_sokIN8ptw,CSS-Minsk-JS Conference
UCKmKXWKTnQjkh4SBxg-nWZg,http://www.youtube.com/channel/UCKmKXWKTnQjkh4SBxg-nWZg,CSScamp
UCaitlwoIzU4HIkkRgmpDO8w,http://www.youtube.com/channel/UCaitlwoIzU4HIkkRgmpDO8w,CSSConf Australia
UCzestFrXpwSGCfcbO2pObwQ,http://www.youtube.com/channel/UCzestFrXpwSGCfcbO2pObwQ,Cuberto Design
UCI9d6eQjf__r5gyH4GHRssg,http://www.youtube.com/channel/UCI9d6eQjf__r5gyH4GHRssg,Curiomatic
UCA-mWX9CvCTVFWRMb9bKc9w,http://www.youtube.com/channel/UCA-mWX9CvCTVFWRMb9bKc9w,Dan Martell
UC6tnRFKGiq1DlybcqP5rZ7A,http://www.youtube.com/channel/UC6tnRFKGiq1DlybcqP5rZ7A,Dan Van Boxel
UCc98QQw1D-y38wg6mO3w4MQ,http://www.youtube.com/channel/UCc98QQw1D-y38wg6mO3w4MQ,Dan Vega
UCIabPXjvT5BVTxRDPCBBOOQ,http://www.youtube.com/channel/UCIabPXjvT5BVTxRDPCBBOOQ,Dani
UCzyuZJ8zZ-Lhfnz41DG5qLw,http://www.youtube.com/channel/UCzyuZJ8zZ-Lhfnz41DG5qLw,Dani Krossing
UCtbH-4OdhSmNemeP2KyFQtw,http://www.youtube.com/channel/UCtbH-4OdhSmNemeP2KyFQtw,Darius Cosden
UCD3KVjbb7aq2OiOffuungzw,http://www.youtube.com/channel/UCD3KVjbb7aq2OiOffuungzw,DarkCode
UC5alq-VmYnfQZt7YaNgdcGw,http://www.youtube.com/channel/UC5alq-VmYnfQZt7YaNgdcGw,Darrel Wilson
UCQID78IY6EOojr5RUdD47MQ,http://www.youtube.com/channel/UCQID78IY6EOojr5RUdD47MQ,Data Driven NYC
UCV8e2g4IWQqK71bbzGDEI4Q,http://www.youtube.com/channel/UCV8e2g4IWQqK71bbzGDEI4Q,Data Professor
UCnVzApLJE2ljPZSeQylSEyg,http://www.youtube.com/channel/UCnVzApLJE2ljPZSeQylSEyg,Data School
UCzL_0nIe8B4-7ShhVPfJkgw,http://www.youtube.com/channel/UCzL_0nIe8B4-7ShhVPfJkgw,Data Science Dojo
UCk5tiFqPvdjsl7yT4mmokmg,http://www.youtube.com/channel/UCk5tiFqPvdjsl7yT4mmokmg,Data Science Tutorials
UC79Gv3mYp6zKiSwYemEik9A,http://www.youtube.com/channel/UC79Gv3mYp6zKiSwYemEik9A,DataCamp
UCwuvoN0QKjrXUi48G_Hv7kQ,http://www.youtube.com/channel/UCwuvoN0QKjrXUi48G_Hv7kQ,DataDaft
UC6kR_saJuc8AJiGosqQai3Q,http://www.youtube.com/channel/UC6kR_saJuc8AJiGosqQai3Q,Dave Foy—Design Build Web
UCu44AnfqsP-sRxmZHdnhblw,http://www.youtube.com/channel/UCu44AnfqsP-sRxmZHdnhblw,Dave Xiang
UCzqORs_CagOn8ah5-QysgdQ,http://www.youtube.com/channel/UCzqORs_CagOn8ah5-QysgdQ,David Battersby
UCP7WmQ_U4GB3K51Od9QvM0w,http://www.youtube.com/channel/UCP7WmQ_U4GB3K51Od9QvM0w,David Bombal
UCtsojFV90CDh7uABAssuITw,http://www.youtube.com/channel/UCtsojFV90CDh7uABAssuITw,David Connelly
UC3sccPO4v8YqCTn8sezZGTw,http://www.youtube.com/channel/UC3sccPO4v8YqCTn8sezZGTw,DC CyberSec
UCjX0FtIZBBVD3YoCcxnDC4g,http://www.youtube.com/channel/UCjX0FtIZBBVD3YoCcxnDC4g,dcode
UCRQv-3VvPT9mArF5RfrlpKQ,http://www.youtube.com/channel/UCRQv-3VvPT9mArF5RfrlpKQ,Deanin
UCrNM6V197nXEXXRBHq58CmA,http://www.youtube.com/channel/UCrNM6V197nXEXXRBHq58CmA,Decode
UC8CB0ZkvogP7tnCTDR-zV7g,http://www.youtube.com/channel/UC8CB0ZkvogP7tnCTDR-zV7g,Decypher Media
UCXu-MNRftJzqQNwwzXiLFEQ,http://www.youtube.com/channel/UCXu-MNRftJzqQNwwzXiLFEQ,Deep Space
UC9OeZkIwhzfv-_Cb7fCikLQ,http://www.youtube.com/channel/UC9OeZkIwhzfv-_Cb7fCikLQ,DeepLearning.TV
UCcIXc5mJsHVYTZR1maL5l9w,http://www.youtube.com/channel/UCcIXc5mJsHVYTZR1maL5l9w,DeepLearningAI
UCP7jMXSY2xbc3KCAE0MHQ-A,http://www.youtube.com/channel/UCP7jMXSY2xbc3KCAE0MHQ-A,DeepMind
UC6Om9kAkl32dWlDSNlDS9Iw,http://www.youtube.com/channel/UC6Om9kAkl32dWlDSNlDS9Iw,DEFCONConference
UCTZRcDjjkVajGL6wd76UnGg,http://www.youtube.com/channel/UCTZRcDjjkVajGL6wd76UnGg,Dennis Ivy
UCmMt8la9Vd8XPdoqXKQHNiA,http://www.youtube.com/channel/UCmMt8la9Vd8XPdoqXKQHNiA,Deny King
UCwRXb5dUK4cvsHbx-rGzSgw,http://www.youtube.com/channel/UCwRXb5dUK4cvsHbx-rGzSgw,Derek Banas
UCVyRiMvfUNMA1UPlDPzG5Ow,http://www.youtube.com/channel/UCVyRiMvfUNMA1UPlDPzG5Ow,DesignCourse
UCQnlyb2Wy_n7jcum94ZXWBA,http://www.youtube.com/channel/UCQnlyb2Wy_n7jcum94ZXWBA,Destin Learning
UClb90NQQcskPUGDIXsQEz5Q,http://www.youtube.com/channel/UClb90NQQcskPUGDIXsQEz5Q,Dev Ed
UCBC21Bfijpx4CCpjnBUdypg,http://www.youtube.com/channel/UCBC21Bfijpx4CCpjnBUdypg,Dev Edmonton
UCKCTmact-90hXpV2ns8GSsA,http://www.youtube.com/channel/UCKCTmact-90hXpV2ns8GSsA,DevDuck
UC9dwxEAvy-zCMAS7rdox46w,http://www.youtube.com/channel/UC9dwxEAvy-zCMAS7rdox46w,Devefy
UCYJ9O6X1oFt7YGXpfRwrcWg,http://www.youtube.com/channel/UCYJ9O6X1oFt7YGXpfRwrcWg,developer.school
UCV-F9TgeC_bSEdHH9qDfqXw,http://www.youtube.com/channel/UCV-F9TgeC_bSEdHH9qDfqXw,DevHoot
UC6kwT7-jjZHHF1s7vCfg2CA,http://www.youtube.com/channel/UC6kwT7-jjZHHF1s7vCfg2CA,DevMarketer
UCDrekHmOnkptxq3gUU0IyfA,http://www.youtube.com/channel/UCDrekHmOnkptxq3gUU0IyfA,Devon Crawford
UCV4AXpDSxschk8I0sCl8JXw,http://www.youtube.com/channel/UCV4AXpDSxschk8I0sCl8JXw,DevSage
UCyIe-61Y8C4_o-zZCtO4ETQ,http://www.youtube.com/channel/UCyIe-61Y8C4_o-zZCtO4ETQ,DevTips
UCc_y38wjXbStHx8qcFIvTIQ,http://www.youtube.com/channel/UCc_y38wjXbStHx8qcFIvTIQ,DinosaurJS
UCWoSKWs8h6lFdiEDAjuIfpA,http://www.youtube.com/channel/UCWoSKWs8h6lFdiEDAjuIfpA,Displaced Gamers
UCCR8rHzvm0l9E7DNa6Y_OGA,http://www.youtube.com/channel/UCCR8rHzvm0l9E7DNa6Y_OGA,Diversity In DSC
UCd3Xbfdq11vU8GtaQwgXx1w,http://www.youtube.com/channel/UCd3Xbfdq11vU8GtaQwgXx1w,Dom Marrone
UCqPxcTs1F2k-NeZ-igDHvnQ,http://www.youtube.com/channel/UCqPxcTs1F2k-NeZ-igDHvnQ,Don Jones
UCxqAWLTk1CmBvZFPzeZMd9A,http://www.youtube.com/channel/UCxqAWLTk1CmBvZFPzeZMd9A,DoS - Domain of Science
UCSRhwaM00ay0fasnsw6EXKA,http://www.youtube.com/channel/UCSRhwaM00ay0fasnsw6EXKA,dotconferences
UCMb3b2_-4jDpi2Mvac_pAMA,http://www.youtube.com/channel/UCMb3b2_-4jDpi2Mvac_pAMA,Duane Habecker
UCuNhGhbemBkdflZ1FGJ0lUQ,http://www.youtube.com/channel/UCuNhGhbemBkdflZ1FGJ0lUQ,Ducky 3D
UC5Wi_NYysX-LfcqT3Hq9Faw,http://www.youtube.com/channel/UC5Wi_NYysX-LfcqT3Hq9Faw,Dylan Israel
UCyKCBSJgxoFqlPnktid1_RQ,http://www.youtube.com/channel/UCyKCBSJgxoFqlPnktid1_RQ,E.Z. Classes
UCkjoHfkLEy7ZT4bA2myJ8xA,http://www.youtube.com/channel/UCkjoHfkLEy7ZT4bA2myJ8xA,Easy Tutorials
UCstfxdhJ1CFLs9Db1kFyb1g,http://www.youtube.com/channel/UCstfxdhJ1CFLs9Db1kFyb1g,Ebenezer Don
UCwqqdBcpZOlPpH1rK322RUA,http://www.youtube.com/channel/UCwqqdBcpZOlPpH1rK322RUA,Echo Lake Technologies
UCyFTMS-YZjSXMzs69LaLebA,http://www.youtube.com/channel/UCyFTMS-YZjSXMzs69LaLebA,Economics Course
UCZ4AMrDcNrfy3X6nsU8-rPg,http://www.youtube.com/channel/UCZ4AMrDcNrfy3X6nsU8-rPg,Economics Explained
UCOTgNyfQG4vVP5sCXrJaS4g,http://www.youtube.com/channel/UCOTgNyfQG4vVP5sCXrJaS4g,Economics Explained 2
UCkwFbzfmPreXrugg6QUxKfw,http://www.youtube.com/channel/UCkwFbzfmPreXrugg6QUxKfw,Economics in Many Lessons
UCUpHeFrAvoqcdGgl_W83x6w,http://www.youtube.com/channel/UCUpHeFrAvoqcdGgl_W83x6w,Economics on Your Tips
UCQbBh9Jn2IjcSPZOiNKJu0g,http://www.youtube.com/channel/UCQbBh9Jn2IjcSPZOiNKJu0g,EconplusDal
UCKAu-mTq7iZtKHK6QiBqKPA,http://www.youtube.com/channel/UCKAu-mTq7iZtKHK6QiBqKPA,EconTalk
UC5mnBodB73bR88fLXHSfzYA,http://www.youtube.com/channel/UC5mnBodB73bR88fLXHSfzYA,Eddie Jaoude
UCq0EGvLTyy-LLT1oUSO_0FQ,http://www.youtube.com/channel/UCq0EGvLTyy-LLT1oUSO_0FQ,Eddie Woo
UCxqx59koIGfGRRGeEm5qzjQ,http://www.youtube.com/channel/UCxqx59koIGfGRRGeEm5qzjQ,educ8s.tv
UCkw4JCwteGrDHIsyIIKo4tQ,http://www.youtube.com/channel/UCkw4JCwteGrDHIsyIIKo4tQ,edureka!
UCywyZ4r4FTKExrPl9rf-ggw,http://www.youtube.com/channel/UCywyZ4r4FTKExrPl9rf-ggw,edureka! Hindi
UCzwo7UlGkb-8Pr6svxWo-LA,http://www.youtube.com/channel/UCzwo7UlGkb-8Pr6svxWo-LA,EDUSAT IIRS Dehradun
UCCUw_xsps3VgtqLYR8vBSXw,http://www.youtube.com/channel/UCCUw_xsps3VgtqLYR8vBSXw,Edward Sa
UC2DjFE7Xf11URZqWBigcVOQ,http://www.youtube.com/channel/UC2DjFE7Xf11URZqWBigcVOQ,EEVblog
UCt9kG_EDX8zwGSC1-ycJJVA,http://www.youtube.com/channel/UCt9kG_EDX8zwGSC1-ycJJVA,Elementor Website Builder for WordPress
UCD4EOyXKjfDUhCI6jlOZZYQ,http://www.youtube.com/channel/UCD4EOyXKjfDUhCI6jlOZZYQ,Eli the Computer Guy
UCr2aUYfdWdwCNTwNtjuuyJQ,http://www.youtube.com/channel/UCr2aUYfdWdwCNTwNtjuuyJQ,Ember.js NYC
UCrUL8K81R4VBzm-KOYwrcxQ,http://www.youtube.com/channel/UCrUL8K81R4VBzm-KOYwrcxQ,Engineer Man
UC2bkHVIDjXS7sgrgjFtzOXQ,http://www.youtube.com/channel/UC2bkHVIDjXS7sgrgjFtzOXQ,engineerguy
UC8lxnUR_CzruT2KA6cb7p0Q,http://www.youtube.com/channel/UC8lxnUR_CzruT2KA6cb7p0Q,Envato Tuts+
UCBr_Fu6q9iHYQCh13jmpbrg,http://www.youtube.com/channel/UCBr_Fu6q9iHYQCh13jmpbrg,Errichto
UC2D_ekI79trchAxgRq5mwpQ,http://www.youtube.com/channel/UC2D_ekI79trchAxgRq5mwpQ,Errichto 2
UC98CzaYuFNAA_gOINFB0e4Q,http://www.youtube.com/channel/UC98CzaYuFNAA_gOINFB0e4Q,EuroPython Conference
UCPbXMT2lTaJFfMDmLgHhXkA,http://www.youtube.com/channel/UCPbXMT2lTaJFfMDmLgHhXkA,Evan Little
UC6uKrU_WqJ1R2HMTY3LIx5Q,http://www.youtube.com/channel/UC6uKrU_WqJ1R2HMTY3LIx5Q,Everyday Astronaut
UCbiGcwDWZjz05njNPrJU7jA,http://www.youtube.com/channel/UCbiGcwDWZjz05njNPrJU7jA,ExplainingComputers
UCUENikUsH4h7k3msqupNjgQ,http://www.youtube.com/channel/UCUENikUsH4h7k3msqupNjgQ,Expose UX
UCP_lo1MFyx5IXDeD9s_6nUw,http://www.youtube.com/channel/UCP_lo1MFyx5IXDeD9s_6nUw,Facebook Developers
UCxA99Yr6P_tZF9_BgtMGAWA,http://www.youtube.com/channel/UCxA99Yr6P_tZF9_BgtMGAWA,Faraday Academy
UCZpkfpfGe2ZC3AIQ69ERCJw,http://www.youtube.com/channel/UCZpkfpfGe2ZC3AIQ69ERCJw,Ferdy Korpershoek
UC4mpLlHn0FOekNg05yCnkzQ,http://www.youtube.com/channel/UC4mpLlHn0FOekNg05yCnkzQ,ferrisstreamsstuff
UC2d0BYlqQCdF9lJfydl_02Q,http://www.youtube.com/channel/UC2d0BYlqQCdF9lJfydl_02Q,FilledStacks
UCP4bf6IHJJQehibu6ai__cg,http://www.youtube.com/channel/UCP4bf6IHJJQehibu6ai__cg,Firebase
UCsBjURrPoezykLs9EqgamOA,http://www.youtube.com/channel/UCsBjURrPoezykLs9EqgamOA,Fireship
UCYC6Vcczj8v-Y5OgpEJTFBw,http://www.youtube.com/channel/UCYC6Vcczj8v-Y5OgpEJTFBw,Fit Tuber
UCeU-1X402kT-JlLdAitxSMA,http://www.youtube.com/channel/UCeU-1X402kT-JlLdAitxSMA,Florin Pop
UCwXdFgeE9KYzlDdR7TG9cMw,http://www.youtube.com/channel/UCwXdFgeE9KYzlDdR7TG9cMw,Flutter
UCa-t2GBQ4UcbDi4vIIwagDg,http://www.youtube.com/channel/UCa-t2GBQ4UcbDi4vIIwagDg,FlutterDeveloper
UCN7dywl5wDxTu1RM3eJ_h9Q,http://www.youtube.com/channel/UCN7dywl5wDxTu1RM3eJ_h9Q,Flux
UC2WHjPDvbE6O328n17ZGcfg,http://www.youtube.com/channel/UC2WHjPDvbE6O328n17ZGcfg,ForrestKnight
UCWnxOLVzGCC9nRA1AQ3jBzw,http://www.youtube.com/channel/UCWnxOLVzGCC9nRA1AQ3jBzw,Fort Bend Tutoring
UC9NuJImUbaSNKiwF2bdSfAw,http://www.youtube.com/channel/UC9NuJImUbaSNKiwF2bdSfAw,FOSDEM
UC0BAd8tPlDqFvDYBemHcQPQ,http://www.youtube.com/channel/UC0BAd8tPlDqFvDYBemHcQPQ,Fredrik Christenson
UC8butISFwT-Wl7EV0hUK0BQ,http://www.youtube.com/channel/UC8butISFwT-Wl7EV0hUK0BQ,freeCodeCamp.org
UCnP3YHDoGLxkOyVWpMOHnmw,http://www.youtube.com/channel/UCnP3YHDoGLxkOyVWpMOHnmw,Friendly Developer
UCpIBwBITpXelDgDwe-16zWA,http://www.youtube.com/channel/UCpIBwBITpXelDgDwe-16zWA,Front-Trends
UC1nBp6ouBB1o5P8YvPznPOw,http://www.youtube.com/channel/UC1nBp6ouBB1o5P8YvPznPOw,Frontend Love
UC6Q3-JjgMpb4Uy6YgHdJSMw,http://www.youtube.com/channel/UC6Q3-JjgMpb4Uy6YgHdJSMw,Frontend United
UCPhwmUt3D2eyZW_hRlKhkHQ,http://www.youtube.com/channel/UCPhwmUt3D2eyZW_hRlKhkHQ,Full Stack Amigo
UCO1cgjhGzsSYb1rsB4bFe4Q,http://www.youtube.com/channel/UCO1cgjhGzsSYb1rsB4bFe4Q,Fun Fun Function
UCLO98KHpNx6JwsdnH04l9yQ,http://www.youtube.com/channel/UCLO98KHpNx6JwsdnH04l9yQ,FusedVR
UCqJ-Xo29CKyLTjn6z2XwYAw,http://www.youtube.com/channel/UCqJ-Xo29CKyLTjn6z2XwYAw,Game Maker's Toolkit
UCr-5TdGkKszdbboXXsFZJTQ,http://www.youtube.com/channel/UCr-5TdGkKszdbboXXsFZJTQ,Gamefromscratch
UCS1abmNrZSkWM1vq-sMm63g,http://www.youtube.com/channel/UCS1abmNrZSkWM1vq-sMm63g,Gareeb Scientist
UCIBgYfDjtWlbJhg--Z4sOgQ,http://www.youtube.com/channel/UCIBgYfDjtWlbJhg--Z4sOgQ,Garry Tan
UCRjSO-juFtngAeJGJRMdIZw,http://www.youtube.com/channel/UCRjSO-juFtngAeJGJRMdIZw,Gary Explains
UCRPMAqdtSgd0Ipeef7iFsKw,http://www.youtube.com/channel/UCRPMAqdtSgd0Ipeef7iFsKw,Gaurav Sen
UCeYUHG6o0YguM-g23htdsSw,http://www.youtube.com/channel/UCeYUHG6o0YguM-g23htdsSw,GCFLearnFree.org
UC0JB7TSe49lg56u6qH8y_MQ,http://www.youtube.com/channel/UC0JB7TSe49lg56u6qH8y_MQ,GDC
UCJsZoFDt7rfxPBI1esak8JQ,http://www.youtube.com/channel/UCJsZoFDt7rfxPBI1esak8JQ,GDG India
UCxboW7x0jZqFdvMdCFKTMsQ,http://www.youtube.com/channel/UCxboW7x0jZqFdvMdCFKTMsQ,GDQuest
UCKXx22vOENUyHrVAADq7Z_g,http://www.youtube.com/channel/UCKXx22vOENUyHrVAADq7Z_g,Geek's Lesson
UCPXyziOUs7oglOtmCPhFSKQ,http://www.youtube.com/channel/UCPXyziOUs7oglOtmCPhFSKQ,GeekLaunch
UC0RhatS1pyxInC00YKjjBqQ,http://www.youtube.com/channel/UC0RhatS1pyxInC00YKjjBqQ,GeeksforGeeks
UCc6mOzNd6PxJkBsLPT8WEGA,http://www.youtube.com/channel/UCc6mOzNd6PxJkBsLPT8WEGA,GeeksforGeeks GATE Computer Science
UCc5FkTYiWH5L3Gk5IyW6Rmw,http://www.youtube.com/channel/UCc5FkTYiWH5L3Gk5IyW6Rmw,Geeky Shows
UCwgKmJM4ZJQRJ-U5NjvR2dg,http://www.youtube.com/channel/UCwgKmJM4ZJQRJ-U5NjvR2dg,george hotz archive
UCG-48Ki-b6W_siaUkukJOSw,http://www.youtube.com/channel/UCG-48Ki-b6W_siaUkukJOSw,Gerald Auger - Simply Cyber
UC2R1v4d75yXisbufyoLYryA,http://www.youtube.com/channel/UC2R1v4d75yXisbufyoLYryA,Get Set Python
UCrBzGHKmGDcwLFnQGHJ3XYg,http://www.youtube.com/channel/UCrBzGHKmGDcwLFnQGHJ3XYg,giant_neural_network
UCUSck1dOH7VKmG4lRW7tZXg,http://www.youtube.com/channel/UCUSck1dOH7VKmG4lRW7tZXg,gingerBill
UC7c3Kb6jYCRj4JOHHZTxKsQ,http://www.youtube.com/channel/UC7c3Kb6jYCRj4JOHHZTxKsQ,GitHub
UCP7RrmoueENv9TZts3HXXtw,http://www.youtube.com/channel/UCP7RrmoueENv9TZts3HXXtw,GitHub Training & Guides
UCoPJeYPmYF_5CX9gbPHAG3Q,http://www.youtube.com/channel/UCoPJeYPmYF_5CX9gbPHAG3Q,Glide
UCoEt3glB4rWSq5zEhSGhUWA,http://www.youtube.com/channel/UCoEt3glB4rWSq5zEhSGhUWA,Go code
UCnUYZLuoy1rq1aVMwx4aTzw,http://www.youtube.com/channel/UCnUYZLuoy1rq1aVMwx4aTzw,Google Chrome Developers
UCJS9pqu9BzkAMNTmzNMNhvg,http://www.youtube.com/channel/UCJS9pqu9BzkAMNTmzNMNhvg,Google Cloud Tech
UCkWLGZL69LhjjgGRKhcAE_w,http://www.youtube.com/channel/UCkWLGZL69LhjjgGRKhcAE_w,Google for Startups
UCtyYTpFBzWdoSFx2Gl2VNbQ,http://www.youtube.com/channel/UCtyYTpFBzWdoSFx2Gl2VNbQ,Google Students
UCs_tLP3AiwYKwdUHpltJPuA,http://www.youtube.com/channel/UCs_tLP3AiwYKwdUHpltJPuA,GOTO Conferences
UCZFUrFoqvqlN8seaAeEwjlw,http://www.youtube.com/channel/UCZFUrFoqvqlN8seaAeEwjlw,Grant Abbitt
UCTLUi3oc1-a7dS-2-YgEKmA,http://www.youtube.com/channel/UCTLUi3oc1-a7dS-2-YgEKmA,Grant Collins
UCReJkc0nO9jhVTNgm5psuFA,http://www.youtube.com/channel/UCReJkc0nO9jhVTNgm5psuFA,GraphQL Finland
UCObs0kLIrDjX2LLSybqNaEA,http://www.youtube.com/channel/UCObs0kLIrDjX2LLSybqNaEA,Great Learning
UC6mIxFTvXkWQVEHPsEdflzQ,http://www.youtube.com/channel/UC6mIxFTvXkWQVEHPsEdflzQ,GreatScott!
UCY-XSGL9ILYjCJSyRvSuzKA,http://www.youtube.com/channel/UCY-XSGL9ILYjCJSyRvSuzKA,Greg Narayan
UCZ7x7yDBbEFCGztD8BYvRhA,http://www.youtube.com/channel/UCZ7x7yDBbEFCGztD8BYvRhA,Greylock
UCHiZFOa_ZrLwYmxbTaUaKEA,http://www.youtube.com/channel/UCHiZFOa_ZrLwYmxbTaUaKEA,Gross Science
UCGKPEXvMOR_YoGp97QKdgUA,http://www.youtube.com/channel/UCGKPEXvMOR_YoGp97QKdgUA,Gulshan Saini
UCbBsRNBEBu5IRGdksCDvr5A,http://www.youtube.com/channel/UCbBsRNBEBu5IRGdksCDvr5A,Gyasi Linje
UC3KAA6QTnQnONrV7osPjdNg,http://www.youtube.com/channel/UC3KAA6QTnQnONrV7osPjdNg,Haashir
UC0BJVNTIEbG8CLG-xVVWJnA,http://www.youtube.com/channel/UC0BJVNTIEbG8CLG-xVVWJnA,Hack In The Box Security Conference
UCbnKictY3ELQwJ2scWwXhJw,http://www.youtube.com/channel/UCbnKictY3ELQwJ2scWwXhJw,hackcolab
UCsgzmECky2Q9lQMWzDwMhYw,http://www.youtube.com/channel/UCsgzmECky2Q9lQMWzDwMhYw,HackerOne
UCX7-Wi9ioslA9691INtFO5Q,http://www.youtube.com/channel/UCX7-Wi9ioslA9691INtFO5Q,Hackers Realm
UC0ZTPkdxlAKf-V33tqXwi3Q,http://www.youtube.com/channel/UC0ZTPkdxlAKf-V33tqXwi3Q,HackerSploit
UCWX0cUR2rZcqKei1Vstww-A,http://www.youtube.com/channel/UCWX0cUR2rZcqKei1Vstww-A,Harkirat Singh
UCgdeMp2ZBnovi12THmLc47g,http://www.youtube.com/channel/UCgdeMp2ZBnovi12THmLc47g,Harry Wolff
UCsp_z4KR3dOczXw7Q-SPqQg,http://www.youtube.com/channel/UCsp_z4KR3dOczXw7Q-SPqQg,harshibar
UCrkQMtWNtuq-1j0q8c2RVeQ,http://www.youtube.com/channel/UCrkQMtWNtuq-1j0q8c2RVeQ,Harshit vashisth
UCZgHOeJBfMKOZ5PMlZysy8Q,http://www.youtube.com/channel/UCZgHOeJBfMKOZ5PMlZysy8Q,Harvard Math
UCfe_znKY1ukrqlGActlFmaQ,http://www.youtube.com/channel/UCfe_znKY1ukrqlGActlFmaQ,Healthy Software Developer
UCLJnnnahpUYO2tOEcXe1mHA,http://www.youtube.com/channel/UCLJnnnahpUYO2tOEcXe1mHA,HEGARTYMATHS
UCh9B-cgbKRZRWVtrtoD9mqw,http://www.youtube.com/channel/UCh9B-cgbKRZRWVtrtoD9mqw,Helium Learning Labs
UCHB9VepY6kYvZjj0Bgxnpbw,http://www.youtube.com/channel/UCHB9VepY6kYvZjj0Bgxnpbw,Henry AI Labs
UCX7jTPSHTm4J3ZjSZxm5RrQ,http://www.youtube.com/channel/UCX7jTPSHTm4J3ZjSZxm5RrQ,heyitsbecky
UCZQDF0x18Xe6RZayvod99zA,http://www.youtube.com/channel/UCZQDF0x18Xe6RZayvod99zA,Him-eesh Madaan
UCXgGY0wkgOzynnHvSEVmE3A,http://www.youtube.com/channel/UCXgGY0wkgOzynnHvSEVmE3A,Hitesh Choudhary
UCDuOKlgMAc4fyll2-yqkTsw,http://www.youtube.com/channel/UCDuOKlgMAc4fyll2-yqkTsw,Hogan Chua
UCJnlW_BAdjOYRcsQ0BsxZ1Q,http://www.youtube.com/channel/UCJnlW_BAdjOYRcsQ0BsxZ1Q,Home Science
UCsUalyRg43M8D60mtHe6YcA,http://www.youtube.com/channel/UCsUalyRg43M8D60mtHe6YcA,Honeypot
UCeQhZOvNKSBRU0Mdg7V44wA,http://www.youtube.com/channel/UCeQhZOvNKSBRU0Mdg7V44wA,Hopson
UCsaEBhRsI6tmmz12fkSEYdw,http://www.youtube.com/channel/UCsaEBhRsI6tmmz12fkSEYdw,Hot Mess
UCJneT8kR87YUTTi_jUEcg5w,http://www.youtube.com/channel/UCJneT8kR87YUTTi_jUEcg5w,How to Graphic Design
UCxIJaCMEptJjxmmQgGFsnCg,http://www.youtube.com/channel/UCxIJaCMEptJjxmmQgGFsnCg,How to Start a Startup
UCovR8D97-8qmQ8hWQW0d3ew,http://www.youtube.com/channel/UCovR8D97-8qmQ8hWQW0d3ew,howCode
UC0m2hLaQnqeO0UJwb68h6tQ,http://www.youtube.com/channel/UC0m2hLaQnqeO0UJwb68h6tQ,Human Factors International
UC_ML5xP23TOWKUcc-oAE_Eg,http://www.youtube.com/channel/UC_ML5xP23TOWKUcc-oAE_Eg,Hussein Nasser
UCU-CIklC4lRytzZZp6YL2Ew,http://www.youtube.com/channel/UCU-CIklC4lRytzZZp6YL2Ew,hypesy (Al Cox)
UCW-Ssyhf8ZnF0rmRlL8EHYA,http://www.youtube.com/channel/UCW-Ssyhf8ZnF0rmRlL8EHYA,i-Gate Computer Science Bhilai
UC-ptWR16ITQyYOglXyQmpzw,http://www.youtube.com/channel/UC-ptWR16ITQyYOglXyQmpzw,IAmTimCorey
UCg1SjE1gwO8A0xqoFtfLEAA,http://www.youtube.com/channel/UCg1SjE1gwO8A0xqoFtfLEAA,Ian Schoenrock
UCMNkvKnD3mo3Jj9eTwJllWw,http://www.youtube.com/channel/UCMNkvKnD3mo3Jj9eTwJllWw,IDeserve
UC7O6CntQoAI-wYyJxYiqNUg,http://www.youtube.com/channel/UC7O6CntQoAI-wYyJxYiqNUg,Ihatetomatoes
UCJcycnanWtyOGcz34jUlYZA,http://www.youtube.com/channel/UCJcycnanWtyOGcz34jUlYZA,IncredibleScience
UCKHiA-dJxESze4gFBxk3ygQ,http://www.youtube.com/channel/UCKHiA-dJxESze4gFBxk3ygQ,InnMind
UCvLEP7Hu6SHd5a2CWeQXalg,http://www.youtube.com/channel/UCvLEP7Hu6SHd5a2CWeQXalg,Inside code
UCNwGoeALqan8yu_TC6f3ZRw,http://www.youtube.com/channel/UCNwGoeALqan8yu_TC6f3ZRw,Inside Silicon Valley
UCkRMLx3_MYgSN3bOiQAnKGw,http://www.youtube.com/channel/UCkRMLx3_MYgSN3bOiQAnKGw,Insights Alley
UCXl0Zbk8_rvjyLwAR-Xh9pQ,http://www.youtube.com/channel/UCXl0Zbk8_rvjyLwAR-Xh9pQ,Insights into Mathematics
UCQd30xCKstlM6PL6qtSOjFw,http://www.youtube.com/channel/UCQd30xCKstlM6PL6qtSOjFw,Inspire UI
UCCktnahuRFYIBtNnKT5IYyg,http://www.youtube.com/channel/UCCktnahuRFYIBtNnKT5IYyg,Intellipaat
UCNc-Wa_ZNBAGzFkYbAHw9eg,http://www.youtube.com/channel/UCNc-Wa_ZNBAGzFkYbAHw9eg,interviewing.io
UCZFipeZtQM5CKUjx6grh54g,http://www.youtube.com/channel/UCZFipeZtQM5CKUjx6grh54g,Isaac Arthur
UCw5hEVOTfz_AfzsNFWyNlNg,http://www.youtube.com/channel/UCw5hEVOTfz_AfzsNFWyNlNg,ISRO Official
UCH4BNI0-FOK2dMXoFtViWHw,http://www.youtube.com/channel/UCH4BNI0-FOK2dMXoFtViWHw,It's Okay To Be Smart
UCakdSIPsJqiOLqylgoYmwQg,http://www.youtube.com/channel/UCakdSIPsJqiOLqylgoYmwQg,itversity
UCQALLeQPoZdZC4JNUboVEUg,http://www.youtube.com/channel/UCQALLeQPoZdZC4JNUboVEUg,Jabrils
UCcdCkJKXlRoXVD03eo-q8mQ,http://www.youtube.com/channel/UCcdCkJKXlRoXVD03eo-q8mQ,Jackson Gabbard
UCCQEbqDL8i40d83Au55lYMQ,http://www.youtube.com/channel/UCCQEbqDL8i40d83Au55lYMQ,Jacob Clifford
UCwd5VFu4KoJNjkWJZMFJGHQ,http://www.youtube.com/channel/UCwd5VFu4KoJNjkWJZMFJGHQ,Jacob Sorber
UCfIh0OerrbEQpZGPq4jjJrQ,http://www.youtube.com/channel/UCfIh0OerrbEQpZGPq4jjJrQ,Jakub Tarnawski
UC-T8W79DN6PBnzomelvqJYw,http://www.youtube.com/channel/UC-T8W79DN6PBnzomelvqJYw,James Q Quick
UC4LnWkL836Ga1djsWG9HR8A,http://www.youtube.com/channel/UC4LnWkL836Ga1djsWG9HR8A,James Stafford
UC8bRyfU7ycLXnEBfvdorpUg,http://www.youtube.com/channel/UC8bRyfU7ycLXnEBfvdorpUg,Jamstack TV
UCDIBBmkZIB2hjBsk1hUImdA,http://www.youtube.com/channel/UCDIBBmkZIB2hjBsk1hUImdA,Jared Davidson
UCoLUji8TYrgDy74_iiazvYA,http://www.youtube.com/channel/UCoLUji8TYrgDy74_iiazvYA,Jarvis Johnson
UCR1PVwrPjpz0U_Fbju-BAzQ,http://www.youtube.com/channel/UCR1PVwrPjpz0U_Fbju-BAzQ,Jarvis Johnson! GOLD
UCnty0z0pNRDgnuoirYXnC5A,http://www.youtube.com/channel/UCnty0z0pNRDgnuoirYXnC5A,Jason Lengstorf
UCYSbIYzulx3HT5_OQLUH38A,http://www.youtube.com/channel/UCYSbIYzulx3HT5_OQLUH38A,Jason M. Lemkin
UCX_b3NNQN5bzExm-22-NVVg,http://www.youtube.com/channel/UCX_b3NNQN5bzExm-22-NVVg,Jason Weimann
UCqfPqpkvs1gaDNfrmwtlUpA,http://www.youtube.com/channel/UCqfPqpkvs1gaDNfrmwtlUpA,Jason Welker
UCYt1sfh5464XaDBH0oH_o7Q,http://www.youtube.com/channel/UCYt1sfh5464XaDBH0oH_o7Q,Java Brains
UCGR3vMYA20JJDQvGFccujdA,http://www.youtube.com/channel/UCGR3vMYA20JJDQvGFccujdA,Java by Saurabh Shukla Sir
UCQM428Hwrvxla8DCgjGONSQ,http://www.youtube.com/channel/UCQM428Hwrvxla8DCgjGONSQ,JavaScript Conferences by GitNation
UCmXmlB4-HJytD7wek0Uo97A,http://www.youtube.com/channel/UCmXmlB4-HJytD7wek0Uo97A,JavaScript Mastery
UC-yuWVUplUJZvieEligKBkA,http://www.youtube.com/channel/UC-yuWVUplUJZvieEligKBkA,javidx9
UCDfZM0IK6RBgud8HYGFXAJg,http://www.youtube.com/channel/UCDfZM0IK6RBgud8HYGFXAJg,Jelena Jovanovic
UCM-yUTYGmrNvKOCcAl21g3w,http://www.youtube.com/channel/UCM-yUTYGmrNvKOCcAl21g3w,Jenny's lectures CS/IT NET&JRF
UCX7Y2qWriXpqocG97SFW2OQ,http://www.youtube.com/channel/UCX7Y2qWriXpqocG97SFW2OQ,Jeremy Howard
UCvBGFeXbBrq3W9_0oNLJREQ,http://www.youtube.com/channel/UCvBGFeXbBrq3W9_0oNLJREQ,Jesse Showalter
UCjHziSVzA7KN0adkRbfYsXg,http://www.youtube.com/channel/UCjHziSVzA7KN0adkRbfYsXg,jodiecongirl
UC4Xt-DUAapAtkfaWWkv4OAw,http://www.youtube.com/channel/UC4Xt-DUAapAtkfaWWkv4OAw,Joe James
UC9A1Elwl0rBUnI5n_7qKHuA,http://www.youtube.com/channel/UC9A1Elwl0rBUnI5n_7qKHuA,Joel Speranza Math
UCVeW9qkBjo3zosnqUbG7CFw,http://www.youtube.com/channel/UCVeW9qkBjo3zosnqUbG7CFw,John Hammond
UCgMTcyEBwCfn7Z_rDYlMM0A,http://www.youtube.com/channel/UCgMTcyEBwCfn7Z_rDYlMM0A,John Philip Jones
UCV0qA-eDDICsRR9rPcnG7tw,http://www.youtube.com/channel/UCV0qA-eDDICsRR9rPcnG7tw,Joma Tech
UC_iD0xppBwwsrM9DegC5cQQ,http://www.youtube.com/channel/UC_iD0xppBwwsrM9DegC5cQQ,Jon Gjengset
UC_p_9arduPuxM8DHTGIuSOg,http://www.youtube.com/channel/UC_p_9arduPuxM8DHTGIuSOg,Jonas Tyroller
UCCuoqzrsHlwv1YyPKLuMDUQ,http://www.youtube.com/channel/UCCuoqzrsHlwv1YyPKLuMDUQ,Jonathan Blow
UCWu6X1YS5uF-yloFu3Ilk9Q,http://www.youtube.com/channel/UCWu6X1YS5uF-yloFu3Ilk9Q,Jose Ocando
UCWxB7V9weF702avKxXESdvw,http://www.youtube.com/channel/UCWxB7V9weF702avKxXESdvw,Joseph Smith
UCmu7bw5BYIeR0VDw0hJKblw,http://www.youtube.com/channel/UCmu7bw5BYIeR0VDw0hJKblw,Josh Hall
UC-91UA-Xy2Cvb98deRXuggA,http://www.youtube.com/channel/UC-91UA-Xy2Cvb98deRXuggA,Joshua Fluke
UCe2uw4y9oTxfq-Z61ODWRhg,http://www.youtube.com/channel/UCe2uw4y9oTxfq-Z61ODWRhg,JS Kongress
UCVLlWT1NZZEJs4A67XgObnQ,http://www.youtube.com/channel/UCVLlWT1NZZEJs4A67XgObnQ,JScamp
UCzoVCacndDCfGDf41P-z0iA,http://www.youtube.com/channel/UCzoVCacndDCfGDf41P-z0iA,JSConf
UCeHWTyAKBv_WnW8gsEKGECw,http://www.youtube.com/channel/UCeHWTyAKBv_WnW8gsEKGECw,Julio Codes
UCuvTObpdx__W966kbdIZ4_Q,http://www.youtube.com/channel/UCuvTObpdx__W966kbdIZ4_Q,Junior Developer Central
UC_BzFbxG2za3bp5NRRRXJSw,http://www.youtube.com/channel/UC_BzFbxG2za3bp5NRRRXJSw,justforfunc: Programming in Go
UCSNeZleDn9c74yQc-EKnVTA,http://www.youtube.com/channel/UCSNeZleDn9c74yQc-EKnVTA,Kaggle
UCWr0mx597DnSGLFk1WfvSkQ,http://www.youtube.com/channel/UCWr0mx597DnSGLFk1WfvSkQ,Kalle Hallden
UC1ybp5y7RIoMpkJi2ItkuYg,http://www.youtube.com/channel/UC1ybp5y7RIoMpkJi2ItkuYg,katrinah
UC5P7TFldQSDBd0hoqFoRWkQ,http://www.youtube.com/channel/UC5P7TFldQSDBd0hoqFoRWkQ,Kauffman FoundersSchool
UCsLo154Krjwhoz8W00N8ItA,http://www.youtube.com/channel/UCsLo154Krjwhoz8W00N8ItA,Keep On Coding
UCq6XkhO5SZ66N04IcPbqNcw,http://www.youtube.com/channel/UCq6XkhO5SZ66N04IcPbqNcw,Keith Galli
UCUSpT2b4x2Bq3RcAAg4hFng,http://www.youtube.com/channel/UCUSpT2b4x2Bq3RcAAg4hFng,Kelvin Mai
UCz-BYvuntVRt_VpfR6FKXJw,http://www.youtube.com/channel/UCz-BYvuntVRt_VpfR6FKXJw,Kent C. Dodds
UCKvwPt6BifPP54yzH99ff1g,http://www.youtube.com/channel/UCKvwPt6BifPP54yzH99ff1g,Kevin Naughton Jr.
UCJZv4d5rbIKd4QHMPkcABCw,http://www.youtube.com/channel/UCJZv4d5rbIKd4QHMPkcABCw,Kevin Powell
UCtmYk7H-NNYLEe_LgBRYomA,http://www.youtube.com/channel/UCtmYk7H-NNYLEe_LgBRYomA,keyframers
UC6vImVkvofpMUOlYt6LiRXA,http://www.youtube.com/channel/UC6vImVkvofpMUOlYt6LiRXA,Keystone Science
UC4a-Gbdw7vOaccHmFo40b9g,http://www.youtube.com/channel/UC4a-Gbdw7vOaccHmFo40b9g,Khan Academy
UC63JyBlOxP6M7mtKXiGixRQ,http://www.youtube.com/channel/UC63JyBlOxP6M7mtKXiGixRQ,KingHerring
UCZCQ3LXtU3IUzMBQBqN69KQ,http://www.youtube.com/channel/UCZCQ3LXtU3IUzMBQBqN69KQ,KIRUPA
UCJ_gIPLffA7ZTYc5gOV6MgA,http://www.youtube.com/channel/UCJ_gIPLffA7ZTYc5gOV6MgA,Kiwi PyCon
UCA6yfpYhy5sWMjRGOT-OAIQ,http://www.youtube.com/channel/UCA6yfpYhy5sWMjRGOT-OAIQ,KNOWLEDGE GATE
UCSWj8mqQCcrcBlXPi4ThRDQ,http://www.youtube.com/channel/UCSWj8mqQCcrcBlXPi4ThRDQ,KodeKloud
UCXpGqiSd3BD0FQ9OP3ziFsw,http://www.youtube.com/channel/UCXpGqiSd3BD0FQ9OP3ziFsw,KodingKevin
UCNypAJ8N90o6D2sLGZRVGnw,http://www.youtube.com/channel/UCNypAJ8N90o6D2sLGZRVGnw,Kori Ashton
UCNU_lfiiWBdtULKOw6X0Dig,http://www.youtube.com/channel/UCNU_lfiiWBdtULKOw6X0Dig,Krish Naik
UCUDlvPp1MlnegYXOXzj7DEQ,http://www.youtube.com/channel/UCUDlvPp1MlnegYXOXzj7DEQ,Krista King
UCsXVk37bltHxD1rDPwtNM8Q,http://www.youtube.com/channel/UCsXVk37bltHxD1rDPwtNM8Q,Kurzgesagt – In a Nutshell
UCpqYfSWEcyBGorRGvPsHkgg,http://www.youtube.com/channel/UCpqYfSWEcyBGorRGvPsHkgg,Kyle Robinson Young
UCnpdR3kXJgs2y8o_PNddZxQ,http://www.youtube.com/channel/UCnpdR3kXJgs2y8o_PNddZxQ,Laith Wallace
UC7TizprGknbDalbHplROtag,http://www.youtube.com/channel/UC7TizprGknbDalbHplROtag,Layout Land
UCmM3eCpmWKLJj2PDW_jdGkg,http://www.youtube.com/channel/UCmM3eCpmWKLJj2PDW_jdGkg,LeadDev
UCijWiOHJnPfVp_JW2p9fYSg,http://www.youtube.com/channel/UCijWiOHJnPfVp_JW2p9fYSg,Lean Startup Co.
UC8Szh5ZJeGFBWyqKyTCVPpA,http://www.youtube.com/channel/UC8Szh5ZJeGFBWyqKyTCVPpA,Learn Coding Tutorials
UCIiougY7XtqrC-40kjncEeQ,http://www.youtube.com/channel/UCIiougY7XtqrC-40kjncEeQ,Learn UX
UCqr-7GDVTsdNBCeufvERYuw,http://www.youtube.com/channel/UCqr-7GDVTsdNBCeufvERYuw,Learn with Coffee
UCVTlvUkGslCV_h-nSAId8Sw,http://www.youtube.com/channel/UCVTlvUkGslCV_h-nSAId8Sw,LearnCode.academy
UCvxAt_WebjZ_-pMsxpraROg,http://www.youtube.com/channel/UCvxAt_WebjZ_-pMsxpraROg,LearningLad
UCHRp19HU7Y2LwfI0Ai6WAGQ,http://www.youtube.com/channel/UCHRp19HU7Y2LwfI0Ai6WAGQ,LearnWebCode
UCsR5lNGDdYlXQDtKimvzFyQ,http://www.youtube.com/channel/UCsR5lNGDdYlXQDtKimvzFyQ,Lee Gaines
UCWPY8W-FAZ2HdDiJp2RC_sQ,http://www.youtube.com/channel/UCWPY8W-FAZ2HdDiJp2RC_sQ,Leigh Halliday
UCd0dc7kQA1FUpJ76o1EjLqQ,http://www.youtube.com/channel/UCd0dc7kQA1FUpJ76o1EjLqQ,Leios Labs
UCRcgy6GzDeccI7dkbbBna3Q,http://www.youtube.com/channel/UCRcgy6GzDeccI7dkbbBna3Q,LEMMiNO
UCqZQJ4600a9wIfMPbYc60OQ,http://www.youtube.com/channel/UCqZQJ4600a9wIfMPbYc60OQ,Lesics
UCCOz-8cJ8k3ScFQPxmfEOrg,http://www.youtube.com/channel/UCCOz-8cJ8k3ScFQPxmfEOrg,Let's Build WordPress
UCuP2vJ6kRutQBfRmdcI92mA,http://www.youtube.com/channel/UCuP2vJ6kRutQBfRmdcI92mA,Lets Build That App
UCyU5wkjgQYGRB0hIHMwm2Sg,http://www.youtube.com/channel/UCyU5wkjgQYGRB0hIHMwm2Sg,LevelUpTuts
UCNFAw6P1oKse29MlbG2YkvA,http://www.youtube.com/channel/UCNFAw6P1oKse29MlbG2YkvA,LeWeb
UCSHZKyawb77ixDdsGog4iWA,http://www.youtube.com/channel/UCSHZKyawb77ixDdsGog4iWA,Lex Fridman
UCWIzrKzN4KY6BPU8hsk880Q,http://www.youtube.com/channel/UCWIzrKzN4KY6BPU8hsk880Q,Life at Google
UCgzKCeDYLRzPhQ64R6AKyBQ,http://www.youtube.com/channel/UCgzKCeDYLRzPhQ64R6AKyBQ,Life of Luba
UClcE-kVhqyiHCcjYwcpfj9w,http://www.youtube.com/channel/UClcE-kVhqyiHCcjYwcpfj9w,LiveOverflow
UCEQXp_fcqwPcqrzNtWJ1w9w,http://www.youtube.com/channel/UCEQXp_fcqwPcqrzNtWJ1w9w,Logos By Nick
UCVD5Vh9LhLBxp3o1vRNyf_w,http://www.youtube.com/channel/UCVD5Vh9LhLBxp3o1vRNyf_w,London App Brewery
UCQHLxxBFrbfdrk1jF0moTpw,http://www.youtube.com/channel/UCQHLxxBFrbfdrk1jF0moTpw,Love Babbar
UC56l7uZA209tlPTVOJiJ8Tw,http://www.youtube.com/channel/UC56l7uZA209tlPTVOJiJ8Tw,Low Level JavaScript
UCK08_B5SZwoEUk2hDPMOijQ,http://www.youtube.com/channel/UCK08_B5SZwoEUk2hDPMOijQ,LSE
UCFxcvyt2Ucq5IL0_1Njzqlg,http://www.youtube.com/channel/UCFxcvyt2Ucq5IL0_1Njzqlg,LucidProgramming
UCgBncpylJ1kiVaPyP-PZauQ,http://www.youtube.com/channel/UCgBncpylJ1kiVaPyP-PZauQ,Luis Serrano
UCXweTmAk9K-Uo9R6SmfGtjg,http://www.youtube.com/channel/UCXweTmAk9K-Uo9R6SmfGtjg,Machine Learning at Berkeley
UCogyPx-btrztsmYY3mkdJcw,http://www.youtube.com/channel/UCogyPx-btrztsmYY3mkdJcw,Machine Learning Meetups
UChIaUcs3tho6XhyU6K6KMrw,http://www.youtube.com/channel/UChIaUcs3tho6XhyU6K6KMrw,Machine Learning TV
UC58v9cLitc8VaCjrcKyAbrw,http://www.youtube.com/channel/UC58v9cLitc8VaCjrcKyAbrw,Machine Learning with Phil
UCSdp5logiFTM3SyLJrHabOQ,http://www.youtube.com/channel/UCSdp5logiFTM3SyLJrHabOQ,Maex
UCEklP9iLcpExB8vp_fWQseg,http://www.youtube.com/channel/UCEklP9iLcpExB8vp_fWQseg,Makin' Stuff Look Good
UC5hby9iDkwOTQM7PIjyjbgw,http://www.youtube.com/channel/UC5hby9iDkwOTQM7PIjyjbgw,Maksim Ivanov
UCrM5WHtPD4OEQ1hcpvN9WDQ,http://www.youtube.com/channel/UCrM5WHtPD4OEQ1hcpvN9WDQ,Manan Gouhari
UCnkEhPBMZcEO0QGu51fDFDg,http://www.youtube.com/channel/UCnkEhPBMZcEO0QGu51fDFDg,Marginal Revolution University
UClOR1BiPyOkkIAnv9Cmj4iw,http://www.youtube.com/channel/UClOR1BiPyOkkIAnv9Cmj4iw,Mario's Math Tutoring
UCEvjiWkK2BoIH819T-buioQ,http://www.youtube.com/channel/UCEvjiWkK2BoIH819T-buioQ,Mark Lewis
UCX4mqbvv5lGqLpI4FYlJt4w,http://www.youtube.com/channel/UCX4mqbvv5lGqLpI4FYlJt4w,Mark Rise
UCaoSDiNkFmGQfvhvZMWxOHw,http://www.youtube.com/channel/UCaoSDiNkFmGQfvhvZMWxOHw,Martin Armstrong
UCtBtcQJ8_jsrjPzb8i1tOsA,http://www.youtube.com/channel/UCtBtcQJ8_jsrjPzb8i1tOsA,Mashup Math
UCYgL81lc7DOLNhnel1_J6Vg,http://www.youtube.com/channel/UCYgL81lc7DOLNhnel1_J6Vg,Math and Science
UCerEdpvIM4BexfbEx_VAyWw,http://www.youtube.com/channel/UCerEdpvIM4BexfbEx_VAyWw,Math Bytes with Allison
UCUUBq1GPBvvGNz7dpgO14Ow,http://www.youtube.com/channel/UCUUBq1GPBvvGNz7dpgO14Ow,Math Easy Solutions
UCKXALTPkxLhSyv6YmTFryMw,http://www.youtube.com/channel/UCKXALTPkxLhSyv6YmTFryMw,Math Fortress
UCJGB9PYRigvklFv3IgszWEw,http://www.youtube.com/channel/UCJGB9PYRigvklFv3IgszWEw,Math Mammoth
UC5mq4Ywd0lPPQJnK_5gq-yA,http://www.youtube.com/channel/UC5mq4Ywd0lPPQJnK_5gq-yA,Math Meeting
UCBuMwlP7kHkNxdPAqtFSJTw,http://www.youtube.com/channel/UCBuMwlP7kHkNxdPAqtFSJTw,mathantics
UCy6zWy5xPCp4PtKB84Isz2w,http://www.youtube.com/channel/UCy6zWy5xPCp4PtKB84Isz2w,Mathbyfives
UCOUbzLwquaQgKACIc2vJYdw,http://www.youtube.com/channel/UCOUbzLwquaQgKACIc2vJYdw,MathDoctorBob
UCcAtD_VYwcYwVbTdvArsm7w,http://www.youtube.com/channel/UCcAtD_VYwcYwVbTdvArsm7w,mathematicalmonk
UCNVMxRMEwvo9AS-Jfh6fQFg,http://www.youtube.com/channel/UCNVMxRMEwvo9AS-Jfh6fQFg,Mathispower4u
UCAnTXIXnZH5vlnfxbbl47OQ,http://www.youtube.com/channel/UCAnTXIXnZH5vlnfxbbl47OQ,Maths Platter with JC
UCHz48selLuSORKqET7aZ49Q,http://www.youtube.com/channel/UCHz48selLuSORKqET7aZ49Q,Mathsaurus
UCJgDMH0vbMaZW7T7OG5xl5A,http://www.youtube.com/channel/UCJgDMH0vbMaZW7T7OG5xl5A,MathsStatsUNSW
UCr22xikWUK2yUW4YxOKXclQ,http://www.youtube.com/channel/UCr22xikWUK2yUW4YxOKXclQ,MathTheBeautiful
UCgdHSFcXvkN6O3NXvif0-pA,http://www.youtube.com/channel/UCgdHSFcXvkN6O3NXvif0-pA,MATLAB
UCEDkO7wshcDZ7UZo17rPkzQ,http://www.youtube.com/channel/UCEDkO7wshcDZ7UZo17rPkzQ,mayuko
UCIpyTmd8_cCk26yzBaTIhUQ,http://www.youtube.com/channel/UCIpyTmd8_cCk26yzBaTIhUQ,MelbCSS
UCJPvv-UArV9D6O0whM8O-gg,http://www.youtube.com/channel/UCJPvv-UArV9D6O0whM8O-gg,Mentors Adda
UC8A0M0eDttdB11MHxX58vXQ,http://www.youtube.com/channel/UC8A0M0eDttdB11MHxX58vXQ,Meth Meth Method
UCtHaxi4GTYDpJgMSGy7AeSw,http://www.youtube.com/channel/UCtHaxi4GTYDpJgMSGy7AeSw,Michael Reeves
UC8-6qIUsHCybEn1f9OxSE4Q,http://www.youtube.com/channel/UC8-6qIUsHCybEn1f9OxSE4Q,Michael Thomas
UCGCHc7LsEYT6_2dQauh2NYw,http://www.youtube.com/channel/UCGCHc7LsEYT6_2dQauh2NYw,Michelle Krummel
UCvmINlrza7JHB1zkIOuXEbw,http://www.youtube.com/channel/UCvmINlrza7JHB1zkIOuXEbw,Mike Dane
UC0f9NbKjUUbnL2cOa12ENIQ,http://www.youtube.com/channel/UC0f9NbKjUUbnL2cOa12ENIQ,Mike Locke
UC00XnZc8SVr_Nd2K78qb8ag,http://www.youtube.com/channel/UC00XnZc8SVr_Nd2K78qb8ag,Mike Williams
UC9LLwpFiNE6fn9PEYtHpOZA,http://www.youtube.com/channel/UC9LLwpFiNE6fn9PEYtHpOZA,Mikhail Tikhomirov
UCZQPy0kRMVkGSKVBAq-o63g,http://www.youtube.com/channel/UCZQPy0kRMVkGSKVBAq-o63g,Minute Math
UCeiYXex_fwgYDonaTcSIk6w,http://www.youtube.com/channel/UCeiYXex_fwgYDonaTcSIk6w,MinuteEarth
UCUHW94eEFW7hkUMVaZz4eDg,http://www.youtube.com/channel/UCUHW94eEFW7hkUMVaZz4eDg,minutephysics
UCWL128ZuBbV8ruKrc0lk7Iw,http://www.youtube.com/channel/UCWL128ZuBbV8ruKrc0lk7Iw,misperry
UCWEltXtreNDBJ52MJkedq4g,http://www.youtube.com/channel/UCWEltXtreNDBJ52MJkedq4g,MIT Venture Capital & Innovation
UCBpxspUNl1Th33XbugiHJzw,http://www.youtube.com/channel/UCBpxspUNl1Th33XbugiHJzw,MITCSAIL
UCLyVUwlB_Hahir_VsKkGPIA,http://www.youtube.com/channel/UCLyVUwlB_Hahir_VsKkGPIA,Mix and Jam
UCFBKSRHPBO8NGN_2AmliCoQ,http://www.youtube.com/channel/UCFBKSRHPBO8NGN_2AmliCoQ,MLAIT
UCjeM1xxYb_37bZfyparLS3Q,http://www.youtube.com/channel/UCjeM1xxYb_37bZfyparLS3Q,MLconf
UCF6WjcZeVqy3MLBpp86eOyw,http://www.youtube.com/channel/UCF6WjcZeVqy3MLBpp86eOyw,Mohamed Achraf
UClklmr6wtUDEpBTwWO8MTRQ,http://www.youtube.com/channel/UClklmr6wtUDEpBTwWO8MTRQ,Mohamed Elashiry
UCaTznQhurW5AaiYPbhEA-KA,http://www.youtube.com/channel/UCaTznQhurW5AaiYPbhEA-KA,Molly Rocket
UCIp8Kjw6GohAtFKlS_vnVlA,http://www.youtube.com/channel/UCIp8Kjw6GohAtFKlS_vnVlA,Montreal-Python
UCAD-xOOaUI6N7Uq9laOVbcw,http://www.youtube.com/channel/UCAD-xOOaUI6N7Uq9laOVbcw,More Bits inside by René Rebe
UCsn9MzwyPKeCE6MEGtMU4gg,http://www.youtube.com/channel/UCsn9MzwyPKeCE6MEGtMU4gg,MortMort
UCh5UlGiu9d6LegIeUCW4N1w,http://www.youtube.com/channel/UCh5UlGiu9d6LegIeUCW4N1w,Mozilla Developer
UCpnom7SRcU_Cyntr0qck3rA,http://www.youtube.com/channel/UCpnom7SRcU_Cyntr0qck3rA,Mr Bodgers
UCkQQ7VIgCqr-ssM6LgXVejw,http://www.youtube.com/channel/UCkQQ7VIgCqr-ssM6LgXVejw,MR3D-Dev
UCzCH-WyQE415Y1ZNRdHESeQ,http://www.youtube.com/channel/UCzCH-WyQE415Y1ZNRdHESeQ,mrmaisonet
UC5RRBzYaCNHBAQ-7a0v0zYQ,http://www.youtube.com/channel/UC5RRBzYaCNHBAQ-7a0v0zYQ,Ms Shaws Math Class
UCIL5CFkRmnJlSV2JUc2aoAQ,http://www.youtube.com/channel/UCIL5CFkRmnJlSV2JUc2aoAQ,Ms. Smith's Math Tutorials
UCWTAzBlHWOf17F8zN8HNJXg,http://www.youtube.com/channel/UCWTAzBlHWOf17F8zN8HNJXg,MSFT WebCast
UC7Hvr5-9tt9Cz1bUJGFHZ3w,http://www.youtube.com/channel/UC7Hvr5-9tt9Cz1bUJGFHZ3w,Mukesh's TechSpace
UCyaN6mg5u8Cjy2ZI4ikWaug,http://www.youtube.com/channel/UCyaN6mg5u8Cjy2ZI4ikWaug,My First Million
UClEEsT7DkdVO_fkrBw0OTrA,http://www.youtube.com/channel/UClEEsT7DkdVO_fkrBw0OTrA,mycodeschool
UCRhhFunXogiEK3WiinHGTAQ,http://www.youtube.com/channel/UCRhhFunXogiEK3WiinHGTAQ,MyStudy
UCWWPKhD0fbAHHMg9_i6JQ5A,http://www.youtube.com/channel/UCWWPKhD0fbAHHMg9_i6JQ5A,MyWhyU
UCtQPCnbIB7SP_gM1Xtv8bDQ,http://www.youtube.com/channel/UCtQPCnbIB7SP_gM1Xtv8bDQ,N3K EN
UCCZDt7MuC3Hzs6IH4xODLBw,http://www.youtube.com/channel/UCCZDt7MuC3Hzs6IH4xODLBw,Nahamsec
UC_aP7p621ATY_yAa8jMqUVA,http://www.youtube.com/channel/UC_aP7p621ATY_yAa8jMqUVA,NASA Video
UCzYhQvOqpzbPlh83q5r5TKQ,http://www.youtube.com/channel/UCzYhQvOqpzbPlh83q5r5TKQ,NASA's Exploration and In-space Services
UCYKfAzPEXMQsGtNfBCNa_BA,http://www.youtube.com/channel/UCYKfAzPEXMQsGtNfBCNa_BA,NASA's Marshall Space Flight Center
UCRuCgmzhczsm89jzPtN2Wuw,http://www.youtube.com/channel/UCRuCgmzhczsm89jzPtN2Wuw,National Science Foundation
UCh_dVD10YuSghle8g6yjePg,http://www.youtube.com/channel/UCh_dVD10YuSghle8g6yjePg,Naval
UCIzPhZKIYoXBYxuN3t4TU2g,http://www.youtube.com/channel/UCIzPhZKIYoXBYxuN3t4TU2g,Naveed Ziarab
UCsMSRfQ22gGRLu5kRBMYpjg,http://www.youtube.com/channel/UCsMSRfQ22gGRLu5kRBMYpjg,NebraskaJS
UC4OXE2QKEUcG_bDEGlS2xnw,http://www.youtube.com/channel/UC4OXE2QKEUcG_bDEGlS2xnw,NEDL
UCwHrYi0GL6dmYaRB0StEbEA,http://www.youtube.com/channel/UCwHrYi0GL6dmYaRB0StEbEA,Neil Rowe
UC7tzG9dDMcp0-WfGROT9cYw,http://www.youtube.com/channel/UC7tzG9dDMcp0-WfGROT9cYw,NerdML
UCQYMhOMi_Cdj1CEAU-fv80A,http://www.youtube.com/channel/UCQYMhOMi_Cdj1CEAU-fv80A,Neso Academy
UCGGRRqAjPm6sL3-WGBDnKJA,http://www.youtube.com/channel/UCGGRRqAjPm6sL3-WGBDnKJA,Netflix Engineering
UCCl11_iYjid0YrT7d8DF3-w,http://www.youtube.com/channel/UCCl11_iYjid0YrT7d8DF3-w,NETVN
UCtuXekfqj-paqsxtqVNCC2A,http://www.youtube.com/channel/UCtuXekfqj-paqsxtqVNCC2A,Network Direction
UCLT5uVgq4vok5rOys7bL4UQ,http://www.youtube.com/channel/UCLT5uVgq4vok5rOys7bL4UQ,Network Engineer Academy
UC9x0AN7BWHpCDHSm9NiJFJQ,http://www.youtube.com/channel/UC9x0AN7BWHpCDHSm9NiJFJQ,NetworkChuck
UCK4ji45I-zxeWXAFKmu3p6Q,http://www.youtube.com/channel/UCK4ji45I-zxeWXAFKmu3p6Q,NetworKing
UC8wZnXYK_CGKlBcZp-GxYPA,http://www.youtube.com/channel/UC8wZnXYK_CGKlBcZp-GxYPA,NeuralNine
UCHy67xvpFURfYodnzKRU3fA,http://www.youtube.com/channel/UCHy67xvpFURfYodnzKRU3fA,Neuron - UX/UI Design Agency
UCp5hG8rt1z2MJ9aNVxY2Xdg,http://www.youtube.com/channel/UCp5hG8rt1z2MJ9aNVxY2Xdg,New Economic Thinking
UC_nfjMmJlJXrhl2xbP9wgRA,http://www.youtube.com/channel/UC_nfjMmJlJXrhl2xbP9wgRA,NEXT Workout
UCm9iiIfgmVODUJxINecHQkA,http://www.youtube.com/channel/UCm9iiIfgmVODUJxINecHQkA,ng-conf
UCrkPsvLGln62OMZRO6K-llg,http://www.youtube.com/channel/UCrkPsvLGln62OMZRO6K-llg,Nick Chapsas
UCorzANoC3fX9VVefJHM5wtA,http://www.youtube.com/channel/UCorzANoC3fX9VVefJHM5wtA,Nick Janetakis
UC1fLEeYICmo3O9cUsqIi7HA,http://www.youtube.com/channel/UC1fLEeYICmo3O9cUsqIi7HA,Nick White
UC2oCugzU6W8-h95W7eBTUEg,http://www.youtube.com/channel/UC2oCugzU6W8-h95W7eBTUEg,NNgroup
UCcSSsAsJ3ONaU_YgWRi3lYg,http://www.youtube.com/channel/UCcSSsAsJ3ONaU_YgWRi3lYg,NoLogo
UCTZ3O2cZo1b4JSwvhgBnAbw,http://www.youtube.com/channel/UCTZ3O2cZo1b4JSwvhgBnAbw,Nordic.js
UCLc1vUexbRTlRBJcUG9U6ug,http://www.youtube.com/channel/UCLc1vUexbRTlRBJcUG9U6ug,North Bay Python
UCgTNupxATBfWmfehv21ym-g,http://www.youtube.com/channel/UCgTNupxATBfWmfehv21ym-g,Null Byte
UCmWDlvMYYEbW42B8JyxFBcA,http://www.youtube.com/channel/UCmWDlvMYYEbW42B8JyxFBcA,NullPointer Exception
UCoxcjq-8xIDTYp3uz647V5A,http://www.youtube.com/channel/UCoxcjq-8xIDTYp3uz647V5A,Numberphile
UC3BGlwmI-Vk6PWyMt15dKGw,http://www.youtube.com/channel/UC3BGlwmI-Vk6PWyMt15dKGw,O'Reilly
UCnPsX2xeDwTMh90eWqjQlPA,http://www.youtube.com/channel/UCnPsX2xeDwTMh90eWqjQlPA,OBEDIA
UCtwKon9qMt5YLVgQt1tvJKg,http://www.youtube.com/channel/UCtwKon9qMt5YLVgQt1tvJKg,Objectivity
UCemC4xuL1cZhVlixuoEjtSg,http://www.youtube.com/channel/UCemC4xuL1cZhVlixuoEjtSg,OKG! - Paul Dowman's tech events and interviews
UC06dt8aByFxkxibeweQcULQ,http://www.youtube.com/channel/UC06dt8aByFxkxibeweQcULQ,Omatum Technonauts
UCpsroJwsVKQvRH3ZqdvRetQ,http://www.youtube.com/channel/UCpsroJwsVKQvRH3ZqdvRetQ,One Minute Economics
UCKHVR_boqdcL1az39azGJHA,http://www.youtube.com/channel/UCKHVR_boqdcL1az39azGJHA,Online Training for Everyone
UCbwXnUipZsLfUckBPsC7Jog,http://www.youtube.com/channel/UCbwXnUipZsLfUckBPsC7Jog,Online Tutorials
UCXZCJLdBC09xxGZ6gcdrc6A,http://www.youtube.com/channel/UCXZCJLdBC09xxGZ6gcdrc6A,OpenAI
UCaF4ESF-TlWKqJ_xomGdP4w,http://www.youtube.com/channel/UCaF4ESF-TlWKqJ_xomGdP4w,orangepixel
UCanC-yCs3G1goz3CxMvgVAg,http://www.youtube.com/channel/UCanC-yCs3G1goz3CxMvgVAg,OSTraining
UCPsBHZLaXkZ_mmapD8vBLXg,http://www.youtube.com/channel/UCPsBHZLaXkZ_mmapD8vBLXg,OverSeas Media
UCNIuvl7V8zACPpTmmNIqP2A,http://www.youtube.com/channel/UCNIuvl7V8zACPpTmmNIqP2A,OverSimplified
UC7vAUu1TQAwzuq8wajJw4kA,http://www.youtube.com/channel/UC7vAUu1TQAwzuq8wajJw4kA,Packet Pushers
UC52iLVrQ4EpeSdAB3911rsg,http://www.youtube.com/channel/UC52iLVrQ4EpeSdAB3911rsg,Pantech eLearning
UCixD9UbKvDxzGNiPC_fgHyA,http://www.youtube.com/channel/UCixD9UbKvDxzGNiPC_fgHyA,Paolo fromTOKYO
UCFe6jenM1Bc54qtBsIJGRZQ,http://www.youtube.com/channel/UCFe6jenM1Bc54qtBsIJGRZQ,patrickJMT
UCmJi5RdDLgzvkl3Ly0DRMlQ,http://www.youtube.com/channel/UCmJi5RdDLgzvkl3Ly0DRMlQ,Paul Hudson
UCRDEsZDDhVhtHLi0L8-5fow,http://www.youtube.com/channel/UCRDEsZDDhVhtHLi0L8-5fow,Paul Lewis
UCFQKBD-GEwrGu3wBN_0yA7Q,http://www.youtube.com/channel/UCFQKBD-GEwrGu3wBN_0yA7Q,Paul Solt
UCKYJJA7nYEu6HfVwmje3YXQ,http://www.youtube.com/channel/UCKYJJA7nYEu6HfVwmje3YXQ,PB Coding
UCs4aHmggTfFrpkPcWSaBN9g,http://www.youtube.com/channel/UCs4aHmggTfFrpkPcWSaBN9g,PBS Infinite Series
UC7_gcs09iThXybpVgjHZ_7g,http://www.youtube.com/channel/UC7_gcs09iThXybpVgjHZ_7g,PBS Space Time
UCJtWu3jKkIXiY3WUBb7qwpw,http://www.youtube.com/channel/UCJtWu3jKkIXiY3WUBb7qwpw,Pentacode
UCdmeooqNtlN7IhrKlq7hGDA,http://www.youtube.com/channel/UCdmeooqNtlN7IhrKlq7hGDA,Petr Mitrichev
UC7DdEm33SyaTDtWYGO2CwdA,http://www.youtube.com/channel/UC7DdEm33SyaTDtWYGO2CwdA,Physics Girl
UCgOoP5NSZ1HA5dgJg2I8k0A,http://www.youtube.com/channel/UCgOoP5NSZ1HA5dgJg2I8k0A,Pierluigi Giglio
UCgllKT-His1Tbd4LUFazXUA,http://www.youtube.com/channel/UCgllKT-His1Tbd4LUFazXUA,Pixel & Bracket
UCCOtdC-yaG6SYlsG6sWireA,http://www.youtube.com/channel/UCCOtdC-yaG6SYlsG6sWireA,pixelgeek
UCteKLMaAkKld8OURyrbw9fg,http://www.youtube.com/channel/UCteKLMaAkKld8OURyrbw9fg,PixemWeb
UCJQJ4GjTiq5lmn8czf8oo0Q,http://www.youtube.com/channel/UCJQJ4GjTiq5lmn8czf8oo0Q,PowerCert Animated Videos
UC9p_wQs8b8SHvfJSuuxEnvw,http://www.youtube.com/channel/UC9p_wQs8b8SHvfJSuuxEnvw,Preserve Knowledge
UC-QDfvrRIDB6F0bIO4I4HkQ,http://www.youtube.com/channel/UC-QDfvrRIDB6F0bIO4I4HkQ,Pretty Printed
UCptAHlN1gdwD89tFM3ENb6w,http://www.youtube.com/channel/UCptAHlN1gdwD89tFM3ENb6w,Prisma
UCJq6AEgtWeZt7ziQ-fLKOeA,http://www.youtube.com/channel/UCJq6AEgtWeZt7ziQ-fLKOeA,Prismic
UCu8luTDe_Xxd2ahAXsCWX5g,http://www.youtube.com/channel/UCu8luTDe_Xxd2ahAXsCWX5g,PRO ROBOTS
UCc707M4Ey0qECi56KPqgJjA,http://www.youtube.com/channel/UCc707M4Ey0qECi56KPqgJjA,PRODUCTIZED
UCoHhuummRZaIVX7bD4t2czg,http://www.youtube.com/channel/UCoHhuummRZaIVX7bD4t2czg,Professor Leonard
UCkefXKtInZ9PLsoGRtml2FQ,http://www.youtube.com/channel/UCkefXKtInZ9PLsoGRtml2FQ,Professor Messer
UCepBxbSrGZkgjgGJuY04c-Q,http://www.youtube.com/channel/UCepBxbSrGZkgjgGJuY04c-Q,Professor Of How
UC9SPN6qaM0DB455-DrWAdpA,http://www.youtube.com/channel/UC9SPN6qaM0DB455-DrWAdpA,ProfRobBob
UCM1ubsbE-tG9ru61mc3zX8A,http://www.youtube.com/channel/UCM1ubsbE-tG9ru61mc3zX8A,ProfSteveKeen
UCshZ3rdoCLjDYuTR_RBubzw,http://www.youtube.com/channel/UCshZ3rdoCLjDYuTR_RBubzw,Program With Erik
UCStj-ORBZ7TGK1FwtGAUgbQ,http://www.youtube.com/channel/UCStj-ORBZ7TGK1FwtGAUgbQ,Programming Hero
UCLBlXUMLYLxopRljNdLXOeQ,http://www.youtube.com/channel/UCLBlXUMLYLxopRljNdLXOeQ,Programming In Python
UCv12TIYR0Z2YQsTiCHLxDYA,http://www.youtube.com/channel/UCv12TIYR0Z2YQsTiCHLxDYA,Programming Solutions
UCWv7vMbMWH4-V0ZXdmDpPBA,http://www.youtube.com/channel/UCWv7vMbMWH4-V0ZXdmDpPBA,Programming with Mosh
UCs6nmQViDpUw0nuIx9c_WvA,http://www.youtube.com/channel/UCs6nmQViDpUw0nuIx9c_WvA,ProgrammingKnowledge
UC7btqG2Ww0_2LwuQxpvo2HQ,http://www.youtube.com/channel/UC7btqG2Ww0_2LwuQxpvo2HQ,ProgrammingWithHarry
UCkfdb6tUwVoGXPPzY7H6hUg,http://www.youtube.com/channel/UCkfdb6tUwVoGXPPzY7H6hUg,Punit Chawla
UCoyqucxoFXDFnh3khD0rjUg,http://www.youtube.com/channel/UCoyqucxoFXDFnh3khD0rjUg,Pusher
UCW6MNdOsqv2E9AjQkv9we7A,http://www.youtube.com/channel/UCW6MNdOsqv2E9AjQkv9we7A,PwnFunction
UCS9sdEyduD9K83K3GkvQlOA,http://www.youtube.com/channel/UCS9sdEyduD9K83K3GkvQlOA,PyCon AU
UCQtHyVB4O4Nwy1ff5qQnyRw,http://www.youtube.com/channel/UCQtHyVB4O4Nwy1ff5qQnyRw,Pyplane
UCHeNxWGbq_0v2lNCgWplNGQ,http://www.youtube.com/channel/UCHeNxWGbq_0v2lNCgWplNGQ,Python Basics
UCbXgNpp0jedKWcQiULLbDTA,http://www.youtube.com/channel/UCbXgNpp0jedKWcQiULLbDTA,Python Engineer
UCbufpKDyuCGazrMnouNmuhA,http://www.youtube.com/channel/UCbufpKDyuCGazrMnouNmuhA,Python Houston
UCjZ6DEtNXNIL1sgvuSE9gFg,http://www.youtube.com/channel/UCjZ6DEtNXNIL1sgvuSE9gFg,Python In 1 Minute
UCVxPTRxEcoWjEFIMXHaGgHA,http://www.youtube.com/channel/UCVxPTRxEcoWjEFIMXHaGgHA,Python India
UCXlA9u2VPI9nIALNUBF0Nzw,http://www.youtube.com/channel/UCXlA9u2VPI9nIALNUBF0Nzw,Python Ireland
UC68KSmHePPePCjW4v57VPQg,http://www.youtube.com/channel/UC68KSmHePPePCjW4v57VPQg,Python Programmer
UCJLGFWQfHhE9ENHHqgMXiow,http://www.youtube.com/channel/UCJLGFWQfHhE9ENHHqgMXiow,QiroLab
UCtGGGu_hp8ToQ9BR6Vni19w,http://www.youtube.com/channel/UCtGGGu_hp8ToQ9BR6Vni19w,Quentin Watt Tutorials
UC9fDC_eBh9e_bogw87DbGKQ,http://www.youtube.com/channel/UC9fDC_eBh9e_bogw87DbGKQ,Rachit Jain
UCMf5xoyJRUxvpqlXw3KQpaw,http://www.youtube.com/channel/UCMf5xoyJRUxvpqlXw3KQpaw,Rahul Ahire
UCJ0V6493mLvqdiVwOKWBODQ,http://www.youtube.com/channel/UCJ0V6493mLvqdiVwOKWBODQ,Rasa
UCRAvo5cQWyfog8nRzlf_jWg,http://www.youtube.com/channel/UCRAvo5cQWyfog8nRzlf_jWg,RaspberryPiIVBeginners
UCP_jWxjn__YXmo4iU7Low0g,http://www.youtube.com/channel/UCP_jWxjn__YXmo4iU7Low0g,Raw Coding
UCz3cM4qLljXcQ8oWjMPgKZA,http://www.youtube.com/channel/UCz3cM4qLljXcQ8oWjMPgKZA,raywenderlich.com
UCz5vTaEhvh7dOHEyd1efcaQ,http://www.youtube.com/channel/UCz5vTaEhvh7dOHEyd1efcaQ,React Conf
UCsFrt8oKNYXGspSlX9u6uXw,http://www.youtube.com/channel/UCsFrt8oKNYXGspSlX9u6uXw,React Conferences by GitNation
UCYRsLerK8J8uGWXFaprYa2A,http://www.youtube.com/channel/UCYRsLerK8J8uGWXFaprYa2A,React Finland
UC87H0RRqawG6I7oWAf9i48g,http://www.youtube.com/channel/UC87H0RRqawG6I7oWAf9i48g,React NYC
UCZkjWyyLvzWeoVWEpRemrDQ,http://www.youtube.com/channel/UCZkjWyyLvzWeoVWEpRemrDQ,ReactCasts
UCH8zjP2Ee58coDIFwniFO5w,http://www.youtube.com/channel/UCH8zjP2Ee58coDIFwniFO5w,ReactConf AU
UCorlLn2oZfgOJ-FUcF2eZ1A,http://www.youtube.com/channel/UCorlLn2oZfgOJ-FUcF2eZ1A,ReactEurope
UCdJ9oJ2GUF8Vmb-G63ldGWg,http://www.youtube.com/channel/UCdJ9oJ2GUF8Vmb-G63ldGWg,Reactions
UCBHdUnixTWymmXBIw12Y8Qg,http://www.youtube.com/channel/UCBHdUnixTWymmXBIw12Y8Qg,ReactiveConf
UCXBhQ05nu3L1abBUGeQ0ahw,http://www.youtube.com/channel/UCXBhQ05nu3L1abBUGeQ0ahw,ReactRally
UCR1IuLEqb6UEA_zQ81kwXfg,http://www.youtube.com/channel/UCR1IuLEqb6UEA_zQ81kwXfg,Real Engineering
UCI0vQvr9aFn27yR6Ej6n5UA,http://www.youtube.com/channel/UCI0vQvr9aFn27yR6Ej6n5UA,Real Python
UC54NcJvLCvM2CNaBjd5j6HA,http://www.youtube.com/channel/UC54NcJvLCvM2CNaBjd5j6HA,RealToughCandy
UCnhsNyu4bdDxuW1TT3hg-pg,http://www.youtube.com/channel/UCnhsNyu4bdDxuW1TT3hg-pg,Recoding
UC9CjkhQp1jX8Hbtbg6OZ9dw,http://www.youtube.com/channel/UC9CjkhQp1jX8Hbtbg6OZ9dw,Red Hat Summit
UCRthRrv06q1iOl86-tTKJhg,http://www.youtube.com/channel/UCRthRrv06q1iOl86-tTKJhg,Red Stapler
UCybK6TMZFQeSN74jzTiDWfg,http://www.youtube.com/channel/UCybK6TMZFQeSN74jzTiDWfg,Redis University
UCsvMopMspsGw89AWim0FMfw,http://www.youtube.com/channel/UCsvMopMspsGw89AWim0FMfw,Rem Zolotykh
UCSIvrn68cUk8CS8MbtBmBkA,http://www.youtube.com/channel/UCSIvrn68cUk8CS8MbtBmBkA,Reso Coder
UCuHJawjMUOk4gjywwDg727w,http://www.youtube.com/channel/UCuHJawjMUOk4gjywwDg727w,Riba Linux
UC7DWn7tAAtT0SVQRqlJRknQ,http://www.youtube.com/channel/UC7DWn7tAAtT0SVQRqlJRknQ,Rick Davidson
UCul78U9NKBYHyqnhQfqUXmg,http://www.youtube.com/channel/UCul78U9NKBYHyqnhQfqUXmg,Ricky Garcia
UCLB7AzTwc6VFZrBsO2ucBMg,http://www.youtube.com/channel/UCLB7AzTwc6VFZrBsO2ucBMg,Robert Miles
UCgj2iw9vh5eX50YvKFZnpbw,http://www.youtube.com/channel/UCgj2iw9vh5eX50YvKFZnpbw,Romanian Coder
UCYzwGkfOqrevO-4TuTjPLwQ,http://www.youtube.com/channel/UCYzwGkfOqrevO-4TuTjPLwQ,RSA Conference
UCtnlBCZa6lpWMRdIhXAyVeQ,http://www.youtube.com/channel/UCtnlBCZa6lpWMRdIhXAyVeQ,Ruseberry
UCGzkH_sGqhiZfsk2khuhmZg,http://www.youtube.com/channel/UCGzkH_sGqhiZfsk2khuhmZg,Ryan Christiani
UCwOILzAcxK5CM2M7oRBuWSg,http://www.youtube.com/channel/UCwOILzAcxK5CM2M7oRBuWSg,SaaStr
UCBqFKDipsnzvJdt6UT0lMIg,http://www.youtube.com/channel/UCBqFKDipsnzvJdt6UT0lMIg,Sandeep Maheshwari
UCxM6G42vmI752f60od3Gypw,http://www.youtube.com/channel/UCxM6G42vmI752f60od3Gypw,Sarah Doody
UCH537pB_h2T2miGA__o3VoQ,http://www.youtube.com/channel/UCH537pB_h2T2miGA__o3VoQ,Scale Venture Partners
UC9JWnvl5ZjZv09F5RqiLptw,http://www.youtube.com/channel/UC9JWnvl5ZjZv09F5RqiLptw,Scaler
UCvJiYiBUbw4tmpRSZT2r1Hw,http://www.youtube.com/channel/UCvJiYiBUbw4tmpRSZT2r1Hw,Science Channel
UCv0aU2eKry3kdSTnFa8QAWA,http://www.youtube.com/channel/UCv0aU2eKry3kdSTnFa8QAWA,Science Magazine
UCZYTClx2T1of7BRZ86-8fow,http://www.youtube.com/channel/UCZYTClx2T1of7BRZ86-8fow,SciShow
UCUdettijNYvLAm4AixZv4RA,http://www.youtube.com/channel/UCUdettijNYvLAm4AixZv4RA,SciShow Psych
UCrMePiHCWG4Vwqv3t7W9EFg,http://www.youtube.com/channel/UCrMePiHCWG4Vwqv3t7W9EFg,SciShow Space
UCpW0Vh7QKPA7n0oJfrizlsw,http://www.youtube.com/channel/UCpW0Vh7QKPA7n0oJfrizlsw,ScotlandJS
UCciGAxHS9o54cNxkRKb7Nfg,http://www.youtube.com/channel/UCciGAxHS9o54cNxkRKb7Nfg,ScreenCasts
UCVbaJU4SUrQrrNs820aZAfQ,http://www.youtube.com/channel/UCVbaJU4SUrQrrNs820aZAfQ,Script
UCDoKh1xoqKDfUr3YxQBs_1w,http://www.youtube.com/channel/UCDoKh1xoqKDfUr3YxQBs_1w,Scruffy
UCbTw29mcP12YlTt1EpUaVJw,http://www.youtube.com/channel/UCbTw29mcP12YlTt1EpUaVJw,Sean Allen
UC6HfeAa0vWeSWS6IcNAjZ2A,http://www.youtube.com/channel/UC6HfeAa0vWeSWS6IcNAjZ2A,Sebastiaan Mathôt
UCmtyQOKKmrMVaKuRXz02jbQ,http://www.youtube.com/channel/UCmtyQOKKmrMVaKuRXz02jbQ,Sebastian Lague
UCzWQYUVCpZqtN93H8RR44Qw,http://www.youtube.com/channel/UCzWQYUVCpZqtN93H8RR44Qw,Seeker
UC17mJJnvzAa_e9qQqLIfIeQ,http://www.youtube.com/channel/UC17mJJnvzAa_e9qQqLIfIeQ,Semicolon&Sons
UCfzlCWGWYyIQ0aLC5w48gBQ,http://www.youtube.com/channel/UCfzlCWGWYyIQ0aLC5w48gBQ,sentdex
UCWrF0oN6unbXrWsTN7RctTw,http://www.youtube.com/channel/UCWrF0oN6unbXrWsTN7RctTw,Sequoia Capital
UC8aG3LDTDwNR1UQhSn9uVrw,http://www.youtube.com/channel/UC8aG3LDTDwNR1UQhSn9uVrw,SethBling
UC51aOZF5nnderbuar5D5ifw,http://www.youtube.com/channel/UC51aOZF5nnderbuar5D5ifw,SF Python
UC0uT-8UEmS5LtDj4_d51zkQ,http://www.youtube.com/channel/UC0uT-8UEmS5LtDj4_d51zkQ,Shakil Khan Programmer
UCq9_1E5HE4c_xmhzD3r7VMw,http://www.youtube.com/channel/UCq9_1E5HE4c_xmhzD3r7VMw,Sharp Accent
UC-3e3hAUhDV2lwcoQGD2grg,http://www.youtube.com/channel/UC-3e3hAUhDV2lwcoQGD2grg,Simon Sez IT
UCRxWW_Ncs308nW4An23Yeig,http://www.youtube.com/channel/UCRxWW_Ncs308nW4An23Yeig,Simple Programmer
UCRIWTSgd7hGtZhx4RYoASEg,http://www.youtube.com/channel/UCRIWTSgd7hGtZhx4RYoASEg,Simple Snippets
UC9YTuDeKzDoyOphWHtdK0jA,http://www.youtube.com/channel/UC9YTuDeKzDoyOphWHtdK0jA,Simplified Coding
UCsvqVGtbbyHaMoevxPAq9Fg,http://www.youtube.com/channel/UCsvqVGtbbyHaMoevxPAq9Fg,Simplilearn
UCzm61TDWRGimc1Ab2Hnyj1w,http://www.youtube.com/channel/UCzm61TDWRGimc1Ab2Hnyj1w,Simplilearn - DevOps Tutorial For Beginners
UCnxrdFPXJMeHru_b4Q_vTPQ,http://www.youtube.com/channel/UCnxrdFPXJMeHru_b4Q_vTPQ,Simply Explained
UC7X9mQ_XtTYWzr9Tf_NYcIg,http://www.youtube.com/channel/UC7X9mQ_XtTYWzr9Tf_NYcIg,SingletonSean
UCWN3xxRkmTPmbKwht9FuE5A,http://www.youtube.com/channel/UCWN3xxRkmTPmbKwht9FuE5A,Siraj Raval
UCJowOS1R0FnhipXVqEnYU1A,http://www.youtube.com/channel/UCJowOS1R0FnhipXVqEnYU1A,SitePoint
UCSnyjB_8iVxi2ZAfn_1L6tA,http://www.youtube.com/channel/UCSnyjB_8iVxi2ZAfn_1L6tA,SketchpunkLabs
UCvHKiUI75ytqUcN851fRR2w,http://www.youtube.com/channel/UCvHKiUI75ytqUcN851fRR2w,Skillthrive
UC4bq21IPPbpu0Qrsl7LW0sw,http://www.youtube.com/channel/UC4bq21IPPbpu0Qrsl7LW0sw,Slidebean
UCnXmOkQ9MuCFeqOq2bLHgPQ,http://www.youtube.com/channel/UCnXmOkQ9MuCFeqOq2bLHgPQ,Slider Revolution
UC6107grRI4m0o2-emgoDnAA,http://www.youtube.com/channel/UC6107grRI4m0o2-emgoDnAA,SmarterEveryDay
UC0FPjuZLQ16UpvLtbs6LYpg,http://www.youtube.com/channel/UC0FPjuZLQ16UpvLtbs6LYpg,Smartherd
UCmY2tPu6TZMqHHNPj2QPwUQ,http://www.youtube.com/channel/UCmY2tPu6TZMqHHNPj2QPwUQ,Snoman Gaming
UCW6TXMZ5Pq6yL6_k5NZ2e0Q,http://www.youtube.com/channel/UCW6TXMZ5Pq6yL6_k5NZ2e0Q,Socratica
UCH4p-xX4C2vzroaSIn4qIpw,http://www.youtube.com/channel/UCH4p-xX4C2vzroaSIn4qIpw,Solari Klipz
UCr3_edKFdOwK6I5L081Zy5Q,http://www.youtube.com/channel/UCr3_edKFdOwK6I5L081Zy5Q,SOSV
UCl0hPcsUmeld49qmWWSQKOg,http://www.youtube.com/channel/UCl0hPcsUmeld49qmWWSQKOg,Source Decoded
UCKPLvnWhN1Qo51IDDZsmq1g,http://www.youtube.com/channel/UCKPLvnWhN1Qo51IDDZsmq1g,SparkFun Electronics
UCSju5G2aFaWMqn-_0YBtq5A,http://www.youtube.com/channel/UCSju5G2aFaWMqn-_0YBtq5A,Stand-up Maths
UCBa5G_ESCn8Yd4vw5U-gIcg,http://www.youtube.com/channel/UCBa5G_ESCn8Yd4vw5U-gIcg,stanfordonline
UC3JFVKjA2th063VlhdlsPLw,http://www.youtube.com/channel/UC3JFVKjA2th063VlhdlsPLw,STAR Insights
UCqoAEDirJPjEUFcF2FklnBA,http://www.youtube.com/channel/UCqoAEDirJPjEUFcF2FklnBA,StarTalk
UCZHWAv6OKOmpe7vwmZn5bCg,http://www.youtube.com/channel/UCZHWAv6OKOmpe7vwmZn5bCg,StartHereFM
UCwB3HiWejAkml1UZ0Qo2bFg,http://www.youtube.com/channel/UCwB3HiWejAkml1UZ0Qo2bFg,Startup Grind
UCxGUsvEr_6q-s5hD0jXIXVg,http://www.youtube.com/channel/UCxGUsvEr_6q-s5hD0jXIXVg,Startup School Ryerson
UCYxgidQYV3WPD0eeVGOgibg,http://www.youtube.com/channel/UCYxgidQYV3WPD0eeVGOgibg,Startupfood
UCSrb8TyCLv7wzaTFDyogHbw,http://www.youtube.com/channel/UCSrb8TyCLv7wzaTFDyogHbw,Startuprad.io
UCtYLUTtgS3k1Fg4y5tAhLbw,http://www.youtube.com/channel/UCtYLUTtgS3k1Fg4y5tAhLbw,StatQuest with Josh Starmer
UCyUBW72KU30dfAYWLVNZO8Q,http://www.youtube.com/channel/UCyUBW72KU30dfAYWLVNZO8Q,Stefan Mischook
UCQCaS3atWyNHEy5PkDXdpNg,http://www.youtube.com/channel/UCQCaS3atWyNHEy5PkDXdpNg,Stephen Grider
UCXqwYHJKzmLO-EsBQDKfKZA,http://www.youtube.com/channel/UCXqwYHJKzmLO-EsBQDKfKZA,Stephen Mayeux
UCjdRbKZ494DfZ4zeX19rICw,http://www.youtube.com/channel/UCjdRbKZ494DfZ4zeX19rICw,Stereotype Breakers - previously Coding Blonde
UCTBGXCJHORQjivtgtMsmkAQ,http://www.youtube.com/channel/UCTBGXCJHORQjivtgtMsmkAQ,Steve Griffith - Prof3ssorSt3v3
UCEIwxahdLz7bap-VDs9h35A,http://www.youtube.com/channel/UCEIwxahdLz7bap-VDs9h35A,Steve Mould
UCQN2DsjnYH60SFBIA6IkNwg,http://www.youtube.com/channel/UCQN2DsjnYH60SFBIA6IkNwg,STÖK
UCWqr2tH3dPshNhPjV5h1xRw,http://www.youtube.com/channel/UCWqr2tH3dPshNhPjV5h1xRw,Super Bunnyhop
UCNJvwJ6daLmw4_gUKTw4cSg,http://www.youtube.com/channel/UCNJvwJ6daLmw4_gUKTw4cSg,Sykoo
UCQzyK-fyhqUKUUgY3S50gpw,http://www.youtube.com/channel/UCQzyK-fyhqUKUUgY3S50gpw,T&T Tutorials
UCU0AWvnd3FSstJOpKWH320A,http://www.youtube.com/channel/UCU0AWvnd3FSstJOpKWH320A,T-Zero Systems
UCJskGeByzRRSvmOyZOz61ig,http://www.youtube.com/channel/UCJskGeByzRRSvmOyZOz61ig,take U forward
UCB1VVkbaxh9NwDAwOlYe_RA,http://www.youtube.com/channel/UCB1VVkbaxh9NwDAwOlYe_RA,Talk Nerdy To Me
UCKPSmMfDsXTKrCZApukcJ7A,http://www.youtube.com/channel/UCKPSmMfDsXTKrCZApukcJ7A,Talk Python
UCNFmBuclxQPe57orKiQbyfA,http://www.youtube.com/channel/UCNFmBuclxQPe57orKiQbyfA,Tanay Pratap
UCHWnZ1NtJ4WvE5AHmNVXziw,http://www.youtube.com/channel/UCHWnZ1NtJ4WvE5AHmNVXziw,Taylor Dupuy
UCbgBDBrwsikmtoLqtpc59Bw,http://www.youtube.com/channel/UCbgBDBrwsikmtoLqtpc59Bw,Teaching Tech
UCn1XnDWhsLS5URXTi5wtFTA,http://www.youtube.com/channel/UCn1XnDWhsLS5URXTi5wtFTA,Tech Dummies Narendra L
UCB12jjYsYv-eipCvBDcMbXw,http://www.youtube.com/channel/UCB12jjYsYv-eipCvBDcMbXw,Tech Primers
UCPXA8SlHzOsPNYlXGKZRPdg,http://www.youtube.com/channel/UCPXA8SlHzOsPNYlXGKZRPdg,Tech Talks YLD
UC4JX40jDee_tINbkjycV4Sg,http://www.youtube.com/channel/UC4JX40jDee_tINbkjycV4Sg,Tech With Tim
UCCjyq_K1Xwfg8Lndy7lKMpA,http://www.youtube.com/channel/UCCjyq_K1Xwfg8Lndy7lKMpA,TechCrunch
UC4xKdmAXFh4ACyhpiQ_3qBw,http://www.youtube.com/channel/UC4xKdmAXFh4ACyhpiQ_3qBw,TechLead
UCHIbErciyS3Hs0kjAz-at5Q,http://www.youtube.com/channel/UCHIbErciyS3Hs0kjAz-at5Q,Technical Suneja
UCbGZKLIHpox2l0whz6_RYyg,http://www.youtube.com/channel/UCbGZKLIHpox2l0whz6_RYyg,techsith
UC7vYUkA-s5XVjS7UoyGSFbg,http://www.youtube.com/channel/UC7vYUkA-s5XVjS7UoyGSFbg,TechSquidTV
UClebMzrpRNTWVfZXw2jfsSw,http://www.youtube.com/channel/UClebMzrpRNTWVfZXw2jfsSw,Techstars
UCdngmbVKX1Tgre699-XLlUA,http://www.youtube.com/channel/UCdngmbVKX1Tgre699-XLlUA,TechWorld with Nana
UCb7w5aTnt7YeXBcVCY0mgFw,http://www.youtube.com/channel/UCb7w5aTnt7YeXBcVCY0mgFw,tecmath
UCsooa4yRKGN_zEE8iknghZA,http://www.youtube.com/channel/UCsooa4yRKGN_zEE8iknghZA,TED-Ed
UC59K-uG2A5ogwIrHw4bmlEg,http://www.youtube.com/channel/UC59K-uG2A5ogwIrHw4bmlEg,Telusko
UCYqCZOwHbnPwyjawKfE21wg,http://www.youtube.com/channel/UCYqCZOwHbnPwyjawKfE21wg,Tensor Programming
UC0rqucBdTuFTjJiefW5t-IQ,http://www.youtube.com/channel/UC0rqucBdTuFTjJiefW5t-IQ,TensorFlow
UCwfaAHy4zQUb2APNOGXUCCA,http://www.youtube.com/channel/UCwfaAHy4zQUb2APNOGXUCCA,Thapa Technical
UCFe9-V_rN9nLqVNiI8Yof3w,http://www.youtube.com/channel/UCFe9-V_rN9nLqVNiI8Yof3w,That DevOps Guy
UC8uT9cgJorJPWu7ITLGo9Ww,http://www.youtube.com/channel/UC8uT9cgJorJPWu7ITLGo9Ww,The 8-Bit Guy
UCP2Of2QfEhbQs-3ro9LFANw,http://www.youtube.com/channel/UCP2Of2QfEhbQs-3ro9LFANw,the AllAroundMathGuy
UC5g-f-g4EVRkqL8Xs888BLA,http://www.youtube.com/channel/UC5g-f-g4EVRkqL8Xs888BLA,The Artificial Intelligence Channel
UCQ-W1KE9EYfdxhL6S4twUNw,http://www.youtube.com/channel/UCQ-W1KE9EYfdxhL6S4twUNw,The Cherno
UC_UMEcP_kF0z4E6KbxCpV1w,http://www.youtube.com/channel/UC_UMEcP_kF0z4E6KbxCpV1w,The Codeholic
UCvjgXvBlbQiydffZU7m1_aw,http://www.youtube.com/channel/UCvjgXvBlbQiydffZU7m1_aw,The Coding Train
UC0ArlFuFYMpEewyRBzdLHiw,http://www.youtube.com/channel/UC0ArlFuFYMpEewyRBzdLHiw,The Cyber Mentor
UCtY8JjMQpzYb5FFvUr2JnUw,http://www.youtube.com/channel/UCtY8JjMQpzYb5FFvUr2JnUw,The Data Incubator
UC5a61ychNIt2VI7CZ1pGnJA,http://www.youtube.com/channel/UC5a61ychNIt2VI7CZ1pGnJA,The Economics Detective
UCgRrjz7mHwqTQqm6KC4mSBQ,http://www.youtube.com/channel/UCgRrjz7mHwqTQqm6KC4mSBQ,The Exception Handler
UCxu3mVAacTdrLPfwTsAEUzg,http://www.youtube.com/channel/UCxu3mVAacTdrLPfwTsAEUzg,The Good Stuff
UCr7lmzIk63PZnBw3bezl-Mg,http://www.youtube.com/channel/UCr7lmzIk63PZnBw3bezl-Mg,The Math Sorcerer
UCd2SfkpYdCcZb4BKTpMz-CQ,http://www.youtube.com/channel/UCd2SfkpYdCcZb4BKTpMz-CQ,The Mathmagic Show
UCWWRLPeMNMeDhpfE7R6qCyw,http://www.youtube.com/channel/UCWWRLPeMNMeDhpfE7R6qCyw,The Nerdy Dev 
UCW5YeuERMmlnqo4oq8vwUpg,http://www.youtube.com/channel/UCW5YeuERMmlnqo4oq8vwUpg,The Net Ninja
UCpyoVwOqYRlSAEUPEn7P9hw,http://www.youtube.com/channel/UCpyoVwOqYRlSAEUPEn7P9hw,The Renegade Coder
UCA0H2KIWgWTwpTFjSxp0now,http://www.youtube.com/channel/UCA0H2KIWgWTwpTFjSxp0now,the roadmap
UCYeF244yNGuFefuFKqxIAXw,http://www.youtube.com/channel/UCYeF244yNGuFefuFKqxIAXw,The Royal Institution
UCXgNowiGxwwnLeQ7DXTwXPg,http://www.youtube.com/channel/UCXgNowiGxwwnLeQ7DXTwXPg,The Science Asylum
UCwB7HrnRlOfasrbCJoiZ9Lg,http://www.youtube.com/channel/UCwB7HrnRlOfasrbCJoiZ9Lg,The Semicolon
UCCcCWsNMLbekA2dvobL2Prw,http://www.youtube.com/channel/UCCcCWsNMLbekA2dvobL2Prw,The Startup Chat
UC2S7CBpSglY7FtwVFTckfrg,http://www.youtube.com/channel/UC2S7CBpSglY7FtwVFTckfrg,The Startup Van
UC7kjWIK1H8tfmFlzZO-wHMw,http://www.youtube.com/channel/UC7kjWIK1H8tfmFlzZO-wHMw,The TWIML AI Podcast with Sam Charrington
UCjBhClJ59W4hfUly51i11hg,http://www.youtube.com/channel/UCjBhClJ59W4hfUly51i11hg,The XSS rat
UCkyfHZ6bY2TjqbJhiH8Y2QQ,http://www.youtube.com/channel/UCkyfHZ6bY2TjqbJhiH8Y2QQ,thebrainscoop
UC76ftuGpHJnEtsEBefT4YUQ,http://www.youtube.com/channel/UC76ftuGpHJnEtsEBefT4YUQ,TheDevWay
UCBsuOBu-dxj5bx1KMgmar5g,http://www.youtube.com/channel/UCBsuOBu-dxj5bx1KMgmar5g,TheHappieCat
UCAQcBsP3h6p5yXgFap4LEGA,http://www.youtube.com/channel/UCAQcBsP3h6p5yXgFap4LEGA,ThemeIsle: WordPress Tutorials & Reviews
UCSK3SppjcuTJ7naSiWJaPSw,http://www.youtube.com/channel/UCSK3SppjcuTJ7naSiWJaPSw,Themify
UCJbPGzawDH1njbqV-D5HqKw,http://www.youtube.com/channel/UCJbPGzawDH1njbqV-D5HqKw,thenewboston
UCiuJ529_bakAN-zjxnyDDaw,http://www.youtube.com/channel/UCiuJ529_bakAN-zjxnyDDaw,TheRealCasadaro
UC9yt3wz-6j19RwD5m5f6HSg,http://www.youtube.com/channel/UC9yt3wz-6j19RwD5m5f6HSg,Think Twice
UCUkRj4qoT1bsWpE_C8lZYoQ,http://www.youtube.com/channel/UCUkRj4qoT1bsWpE_C8lZYoQ,ThinMatrix
UCHkqtrnQO2HMyW50ixOtJGw,http://www.youtube.com/channel/UCHkqtrnQO2HMyW50ixOtJGw,This Dot Media
UCkkhmBWfS7pILYIk0izkc3A,http://www.youtube.com/channel/UCkkhmBWfS7pILYIk0izkc3A,This Week in Startups
UCj4qGjIQCZdL5nIUaoFHanA,http://www.youtube.com/channel/UCj4qGjIQCZdL5nIUaoFHanA,Thomas Bradley
UCuHVjteDW9tCb8QqMrtGvwQ,http://www.youtube.com/channel/UCuHVjteDW9tCb8QqMrtGvwQ,Thomas Brush
UCUR1pFG_3XoZn3JNKjulqZg,http://www.youtube.com/channel/UCUR1pFG_3XoZn3JNKjulqZg,thoughtbot
UCo5kj-2YFOG0BAjYLFVaoMA,http://www.youtube.com/channel/UCo5kj-2YFOG0BAjYLFVaoMA,Thrive Themes
UCTVZRyybOCDBL2zLXSeQVsw,http://www.youtube.com/channel/UCTVZRyybOCDBL2zLXSeQVsw,Thunkable
UCPkKhlR0sXtN5hlB228xuTg,http://www.youtube.com/channel/UCPkKhlR0sXtN5hlB228xuTg,Tim Ermilov
UCgWip0vxtqu34rZrFeCpUow,http://www.youtube.com/channel/UCgWip0vxtqu34rZrFeCpUow,Tim R Morgan
UC_hwKJdF3KRAy4QIaiCSMgQ,http://www.youtube.com/channel/UC_hwKJdF3KRAy4QIaiCSMgQ,Tim Ruswick | Game Dev Underground
UCSATlCAUi7R0Ik-wsZb2gOA,http://www.youtube.com/channel/UCSATlCAUi7R0Ik-wsZb2gOA,Time Out With Tim
UCUseoG3kofRLS6WoUaL_15w,http://www.youtube.com/channel/UCUseoG3kofRLS6WoUaL_15w,TK Kader
UC2vm-0XX5RkWCXWwtBZGOXg,http://www.youtube.com/channel/UC2vm-0XX5RkWCXWwtBZGOXg,TokyoEdtech
UCBa659QWEk1AI4Tg--mrJ2A,http://www.youtube.com/channel/UCBa659QWEk1AI4Tg--mrJ2A,Tom Scott
UCkXU96V638K0OQ-297dL2qA,http://www.youtube.com/channel/UCkXU96V638K0OQ-297dL2qA,Toolset
UC29ju8bIPH5as8OGnQzwJyA,http://www.youtube.com/channel/UC29ju8bIPH5as8OGnQzwJyA,Traversy Media
UCqHktcPJV7C7T3e9Cg4T4iw,http://www.youtube.com/channel/UCqHktcPJV7C7T3e9Cg4T4iw,Treehouse
UCSSBvqWNPq_qO3_W4EJiOAA,http://www.youtube.com/channel/UCSSBvqWNPq_qO3_W4EJiOAA,Tren Black
UCGYSfZbPp3BiAFs531PBY7g,http://www.youtube.com/channel/UCGYSfZbPp3BiAFs531PBY7g,TrevTutor
UCKjJXmZxk1SiTUQUB28KHpw,http://www.youtube.com/channel/UCKjJXmZxk1SiTUQUB28KHpw,TsMadaan
UCZLJf_R2sWyUtXSKiKlyvAw,http://www.youtube.com/channel/UCZLJf_R2sWyUtXSKiKlyvAw,Tushar Roy - Coding Made Simple
UCe83jLdZ3PuqVwAHe6B3U2A,http://www.youtube.com/channel/UCe83jLdZ3PuqVwAHe6B3U2A,tutor2u
UCwFl9Y49sWChrddQTD9QhRA,http://www.youtube.com/channel/UCwFl9Y49sWChrddQTD9QhRA,TutorialEdge
UCVLbzhxVTiTLiVKeGV7WEBg,http://www.youtube.com/channel/UCVLbzhxVTiTLiVKeGV7WEBg,Tutorials Point (India) Ltd.
UCbfYPyITQ-7l4upoX8nvctg,http://www.youtube.com/channel/UCbfYPyITQ-7l4upoX8nvctg,Two Minute Papers
UCvG9V9e1s2lN-hoWeHsDCJQ,http://www.youtube.com/channel/UCvG9V9e1s2lN-hoWeHsDCJQ,Tyler Moore
UCBBGM84ZOs7z5jpTQAaZ_Hg,http://www.youtube.com/channel/UCBBGM84ZOs7z5jpTQAaZ_Hg,Tyler Potts
UC3-pkjZ8-D4aW8QfaExuMjw,http://www.youtube.com/channel/UC3-pkjZ8-D4aW8QfaExuMjw,umnik_team
UCG08EqOAXJk_YXPDsAvReSg,http://www.youtube.com/channel/UCG08EqOAXJk_YXPDsAvReSg,Unity
UCue7TFlrt9FxXarpsl872Dg,http://www.youtube.com/channel/UCue7TFlrt9FxXarpsl872Dg,Unreal Sensei
UCDUS80bdunpmvWVPyFRPqFQ,http://www.youtube.com/channel/UCDUS80bdunpmvWVPyFRPqFQ,UofU Data Science
UCNUaek2QR5g9VwdhtgvnQ5w,http://www.youtube.com/channel/UCNUaek2QR5g9VwdhtgvnQ5w,Upfront Ventures
UCAPwuoY8SlcPtwx_KPw-yOQ,http://www.youtube.com/channel/UCAPwuoY8SlcPtwx_KPw-yOQ,UploadWP
UCTaHzMEt0w1JbcyUfrznLCw,http://www.youtube.com/channel/UCTaHzMEt0w1JbcyUfrznLCw,Urban Economics Association
UC9hOYRFJn2NgV406gr9jajw,http://www.youtube.com/channel/UC9hOYRFJn2NgV406gr9jajw,UX Brighton
UCGtjpDt8O6Es9kJza7j4MXg,http://www.youtube.com/channel/UCGtjpDt8O6Es9kJza7j4MXg,UX Hacker & Sketch TV
UCXmQyv8sAjmvgCCgvRKi9hw,http://www.youtube.com/channel/UCXmQyv8sAjmvgCCgvRKi9hw,UX Mastery
UCHhc6c1Klab3VE2yE-529cQ,http://www.youtube.com/channel/UCHhc6c1Klab3VE2yE-529cQ,UX Salon
UCvoEJgCYu1e6kvUvx7lN7kw,http://www.youtube.com/channel/UCvoEJgCYu1e6kvUvx7lN7kw,UXLx - User Experience Lisbon
UCRaiKJHsh_Ii4H-86uqXT_g,http://www.youtube.com/channel/UCRaiKJHsh_Ii4H-86uqXT_g,VDEngineering
UCHnyfMqiRRG1u-2MsSQLbXA,http://www.youtube.com/channel/UCHnyfMqiRRG1u-2MsSQLbXA,Veritasium
UChgAsJYZYZMFII4cvg8W09w,http://www.youtube.com/channel/UChgAsJYZYZMFII4cvg8W09w,ViennaJS
UC1DfsDE3pLl4XU4cTLjNzBA,http://www.youtube.com/channel/UC1DfsDE3pLl4XU4cTLjNzBA,Vital Sine
UCYP0nk48grsMwO3iL8YaAKA,http://www.youtube.com/channel/UCYP0nk48grsMwO3iL8YaAKA,VoidRealms
UCdNNY8Y8meG3z9Wy6MTzcLg,http://www.youtube.com/channel/UCdNNY8Y8meG3z9Wy6MTzcLg,VPlanet
UC6nSFpj9HTCZ5t-N3Rm3-HA,http://www.youtube.com/channel/UC6nSFpj9HTCZ5t-N3Rm3-HA,Vsauce
UCqmugCqELzhIMNYnsjScXXw,http://www.youtube.com/channel/UCqmugCqELzhIMNYnsjScXXw,Vsauce2
UCwmFOfFuvRPI112vR5DNnrA,http://www.youtube.com/channel/UCwmFOfFuvRPI112vR5DNnrA,Vsauce3
UCJasK7cAgRz1RGMJCoRLXXQ,http://www.youtube.com/channel/UCJasK7cAgRz1RGMJCoRLXXQ,Vue Screencasts
UC0hmXRqXYVO0mocVt5D3GkQ,http://www.youtube.com/channel/UC0hmXRqXYVO0mocVt5D3GkQ,Vuelancer
UCXQC_GB5hG6PkzIhSMZ-hWA,http://www.youtube.com/channel/UCXQC_GB5hG6PkzIhSMZ-hWA,Watch and Learn
UC7jBsNZf-wRyJkEmDKBrg2A,http://www.youtube.com/channel/UC7jBsNZf-wRyJkEmDKBrg2A,Wayne / Devscover
UCSD0dLRGQk_T-D3RvpM5aFQ,http://www.youtube.com/channel/UCSD0dLRGQk_T-D3RvpM5aFQ,WeAreDevelopers
UCuZeHD5SGecQomz2pVDHGzg,http://www.youtube.com/channel/UCuZeHD5SGecQomz2pVDHGzg,Web Conferences Amsterdam
UCZc238wXqeN2M2uXQaY9MEw,http://www.youtube.com/channel/UCZc238wXqeN2M2uXQaY9MEw,Web dev
UC-kHm7pG884IYQiYwqJWv9A,http://www.youtube.com/channel/UC-kHm7pG884IYQiYwqJWv9A,Web Dev Hero
UCFbNIlppjAuEX4znoulh0Cw,http://www.youtube.com/channel/UCFbNIlppjAuEX4znoulh0Cw,Web Dev Simplified
UCM9cTs_C0PmTlHXTNrqTpnw,http://www.youtube.com/channel/UCM9cTs_C0PmTlHXTNrqTpnw,Web Rebels
UCzePijHDYnVHIXW6HYTL4dg,http://www.youtube.com/channel/UCzePijHDYnVHIXW6HYTL4dg,Web-Crunch
UCw3vsFKWxi7a83V_y0a0VTA,http://www.youtube.com/channel/UCw3vsFKWxi7a83V_y0a0VTA,WebDev For You
UCELSb-IYi_d5rYFOxWeOz5g,http://www.youtube.com/channel/UCELSb-IYi_d5rYFOxWeOz5g,Webflow
UCpWT_QfKk7BJIpn709YgsYA,http://www.youtube.com/channel/UCpWT_QfKk7BJIpn709YgsYA,Website Learners
UC8Nbgc4vUi27HgBv2ffEiHw,http://www.youtube.com/channel/UC8Nbgc4vUi27HgBv2ffEiHw,Webslesson
UC2aqTHNSS8nAJ7YvktKbkvg,http://www.youtube.com/channel/UC2aqTHNSS8nAJ7YvktKbkvg,websofttutorials
UCnnnWy4UTYN258FfVGeXBbg,http://www.youtube.com/channel/UCnnnWy4UTYN258FfVGeXBbg,Weibenfalk
UConVfxXodg78Tzh5nNu85Ew,http://www.youtube.com/channel/UConVfxXodg78Tzh5nNu85Ew,Welch Labs
UCoebwHSTvwalADTJhps0emA,http://www.youtube.com/channel/UCoebwHSTvwalADTJhps0emA,Wes Bos
UCUzGQrN-lyyc0BWTYoJM_Sg,http://www.youtube.com/channel/UCUzGQrN-lyyc0BWTYoJM_Sg,What's AI
UC0tRdbXVDbhaRvZPKsRgmxg,http://www.youtube.com/channel/UC0tRdbXVDbhaRvZPKsRgmxg,whatsdev
UCaWes1eWQ9TbzA695gl_PtA,http://www.youtube.com/channel/UCaWes1eWQ9TbzA695gl_PtA,Will it Scale
UCTjPBE9BNsmv44wgxWEy2zw,http://www.youtube.com/channel/UCTjPBE9BNsmv44wgxWEy2zw,Will Kwan
UCPNVUqNoZTB2FpLO7F0dtew,http://www.youtube.com/channel/UCPNVUqNoZTB2FpLO7F0dtew,William Chyr
UCKuDLsO0Wwef53qdHPjbU2Q,http://www.youtube.com/channel/UCKuDLsO0Wwef53qdHPjbU2Q,William Lin
UCD8yeTczadqdARzQUp29PJw,http://www.youtube.com/channel/UCD8yeTczadqdARzQUp29PJw,WilliamFiset
UCt8Sa48zWN_WcordE7TaUBg,http://www.youtube.com/channel/UCt8Sa48zWN_WcordE7TaUBg,WinningWP - Winning WordPress
UCZEUuBtKIvoZPSQMgtKUw5A,http://www.youtube.com/channel/UCZEUuBtKIvoZPSQMgtKUw5A,WordPress Tutorials - WPLearningLab
UCShHFwKyhcDo3g7hr4f1R8A,http://www.youtube.com/channel/UCShHFwKyhcDo3g7hr4f1R8A,World Science Festival
UCSmCmynfuYsXudoi3l_e3Nw,http://www.youtube.com/channel/UCSmCmynfuYsXudoi3l_e3Nw,WOWmath.org
UChA624rCabHAmd6lpkLOw7A,http://www.youtube.com/channel/UChA624rCabHAmd6lpkLOw7A,WPBeginner - WordPress Tutorials
UC8eV_x9GaQhcoL4rexOJpXg,http://www.youtube.com/channel/UC8eV_x9GaQhcoL4rexOJpXg,WPCasts
UCjDuxPEhNQ2qn_qAdjRG4YQ,http://www.youtube.com/channel/UCjDuxPEhNQ2qn_qAdjRG4YQ,WPCrafter.com WordPress For Non-Techies
UC5GewC6eX_tqRhkTXgsXRig,http://www.youtube.com/channel/UC5GewC6eX_tqRhkTXgsXRig,WPForms - WordPress Forms Plugin
UCiTDv6q1XYwZnAm2EYN8wKw,http://www.youtube.com/channel/UCiTDv6q1XYwZnAm2EYN8wKw,WPTuts
UCJwt6pUOwhJgmcJ9j-uS5Jw,http://www.youtube.com/channel/UCJwt6pUOwhJgmcJ9j-uS5Jw,WPwatercooler - Weekly WordPress Discussions
UCcefcZRL2oaA_uBNeo5UOWg,http://www.youtube.com/channel/UCcefcZRL2oaA_uBNeo5UOWg,Y Combinator
UCWUj6Y2JwDauqu7DIrhuuPw,http://www.youtube.com/channel/UCWUj6Y2JwDauqu7DIrhuuPw,Y Combinator Clips
UCuT0rj__qEq_ZO3kYwun4Qg,http://www.youtube.com/channel/UCuT0rj__qEq_ZO3kYwun4Qg,Yahoo Baba
UCZHmQk67mSJgfCCTn7xBfew,http://www.youtube.com/channel/UCZHmQk67mSJgfCCTn7xBfew,Yannic Kilcher
UC28MYq5TxXKT4qDYg6aMQiA,http://www.youtube.com/channel/UC28MYq5TxXKT4qDYg6aMQiA,yaymath
UCDo7RTzizoOdPjY8A-xDR7g,http://www.youtube.com/channel/UCDo7RTzizoOdPjY8A-xDR7g,Yuri Artyukh
UCgGADKKGalfwSNbpSyM5ryg,http://www.youtube.com/channel/UCgGADKKGalfwSNbpSyM5ryg,Yury Kashnitsky
UCpCSAcbqs-sjEVfk_hMfY9w,http://www.youtube.com/channel/UCpCSAcbqs-sjEVfk_hMfY9w,Zach Star
UCNhqSFoHTpBjtUbL1_wK81g,http://www.youtube.com/channel/UCNhqSFoHTpBjtUbL1_wK81g,Zakey Design
UCDJVbKWW-ThFTraRklmF1IQ,http://www.youtube.com/channel/UCDJVbKWW-ThFTraRklmF1IQ,Zenva
UCNXt2MrZaqfIBknamqwzeXA,http://www.youtube.com/channel/UCNXt2MrZaqfIBknamqwzeXA,{TheSourceCode}
